Model,Threshold,Precision,Recall,F1,F2,ROC-AUC,Average Precision,Specificity,False Positive Rate,False Negative Rate,Review Rate,TN,FP,FN,TP
XGBoost,0.01,0.4438202247191011,0.8315789473684211,0.5787545787545787,0.7078853046592267,0.96826107032068,0.811375553423567,0.9982524580325148,0.0017475419674851283,0.16842105263157894,0.003136784971627956,56552,99,16,79
XGBoost,0.02,0.609375,0.8210526315789474,0.6995515695067265,0.7677165354328352,0.96826107032068,0.811375553423567,0.9991174030467247,0.0008825969532753173,0.17894736842105263,0.0022556655975751595,56601,50,17,78
XGBoost,0.03,0.6902654867256637,0.8210526315789474,0.7499999999999999,0.7910750507097183,0.96826107032068,0.811375553423567,0.9993821821327072,0.0006178178672927221,0.17894736842105263,0.0019913297853593206,56616,35,17,78
XGBoost,0.04,0.7333333333333333,0.8105263157894737,0.77,0.7938144329894787,0.96826107032068,0.811375553423567,0.9995057457061658,0.0004942542938341777,0.18947368421052632,0.001850350685510873,56623,28,18,77
XGBoost,0.05,0.7857142857142857,0.8105263157894737,0.7979274611398963,0.8054393305437293,0.96826107032068,0.811375553423567,0.9996293092796243,0.00037069072037563324,0.18947368421052632,0.0017269939731434814,56630,21,18,77
XGBoost,0.060000000000000005,0.8085106382978723,0.8,0.8042328042328043,0.8016877637128813,0.96826107032068,0.811375553423567,0.9996822650968209,0.00031773490317911425,0.2,0.0016565044232192576,56633,18,19,76
XGBoost,0.06999999999999999,0.8260869565217391,0.8,0.8128342245989306,0.8050847457625157,0.96826107032068,0.811375553423567,0.9997175689749519,0.00028243102504810154,0.2,0.0016212596482571458,56635,16,19,76
XGBoost,0.08,0.8260869565217391,0.8,0.8128342245989306,0.8050847457625157,0.96826107032068,0.811375553423567,0.9997175689749519,0.00028243102504810154,0.2,0.0016212596482571458,56635,16,19,76
XGBoost,0.09,0.8444444444444444,0.8,0.8216216216216217,0.8085106382976789,0.96826107032068,0.811375553423567,0.9997528728530829,0.0002471271469170888,0.2,0.0015860148732950341,56637,14,19,76
XGBoost,0.09999999999999999,0.8444444444444444,0.8,0.8216216216216217,0.8085106382976789,0.96826107032068,0.811375553423567,0.9997528728530829,0.0002471271469170888,0.2,0.0015860148732950341,56637,14,19,76
XGBoost,0.11,0.8539325842696629,0.8,0.8260869565217391,0.8102345415776329,0.96826107032068,0.811375553423567,0.9997705247921485,0.0002294752078515825,0.2,0.001568392485813978,56638,13,19,76
XGBoost,0.12,0.8636363636363636,0.8,0.8306010928961749,0.8119658119656211,0.96826107032068,0.811375553423567,0.9997881767312139,0.00021182326878607614,0.2,0.0015507700983329222,56639,12,19,76
XGBoost,0.13,0.8735632183908046,0.8,0.8351648351648352,0.8137044967878192,0.96826107032068,0.811375553423567,0.9998058286702795,0.0001941713297205698,0.2,0.0015331477108518662,56640,11,19,76
XGBoost,0.14,0.8941176470588236,0.8,0.8444444444444443,0.817204301075082,0.96826107032068,0.811375553423567,0.9998411325484104,0.00015886745158955713,0.2,0.0014979029358897543,56642,9,19,76
XGBoost,0.15000000000000002,0.9047619047619048,0.8,0.8491620111731844,0.8189655172411939,0.96826107032068,0.811375553423567,0.999858784487476,0.00014121551252405077,0.2,0.0014802805484086985,56643,8,19,76
XGBoost,0.16,0.9047619047619048,0.8,0.8491620111731844,0.8189655172411939,0.96826107032068,0.811375553423567,0.999858784487476,0.00014121551252405077,0.2,0.0014802805484086985,56643,8,19,76
XGBoost,0.17,0.9047619047619048,0.8,0.8491620111731844,0.8189655172411939,0.96826107032068,0.811375553423567,0.999858784487476,0.00014121551252405077,0.2,0.0014802805484086985,56643,8,19,76
XGBoost,0.18000000000000002,0.9156626506024096,0.8,0.8539325842696628,0.8207343412525159,0.96826107032068,0.811375553423567,0.9998764364265414,0.0001235635734585444,0.2,0.0014626581609276424,56644,7,19,76
XGBoost,0.19,0.9156626506024096,0.8,0.8539325842696628,0.8207343412525159,0.96826107032068,0.811375553423567,0.9998764364265414,0.0001235635734585444,0.2,0.0014626581609276424,56644,7,19,76
XGBoost,0.2,0.9156626506024096,0.8,0.8539325842696628,0.8207343412525159,0.96826107032068,0.811375553423567,0.9998764364265414,0.0001235635734585444,0.2,0.0014626581609276424,56644,7,19,76
XGBoost,0.21000000000000002,0.9156626506024096,0.8,0.8539325842696628,0.8207343412525159,0.96826107032068,0.811375553423567,0.9998764364265414,0.0001235635734585444,0.2,0.0014626581609276424,56644,7,19,76
XGBoost,0.22,0.926829268292683,0.8,0.8587570621468926,0.8225108225106401,0.96826107032068,0.811375553423567,0.999894088365607,0.00010591163439303807,0.2,0.0014450357734465866,56645,6,19,76
XGBoost,0.23,0.926829268292683,0.8,0.8587570621468926,0.8225108225106401,0.96826107032068,0.811375553423567,0.999894088365607,0.00010591163439303807,0.2,0.0014450357734465866,56645,6,19,76
XGBoost,0.24000000000000002,0.926829268292683,0.8,0.8587570621468926,0.8225108225106401,0.96826107032068,0.811375553423567,0.999894088365607,0.00010591163439303807,0.2,0.0014450357734465866,56645,6,19,76
XGBoost,0.25,0.9382716049382716,0.8,0.8636363636363636,0.8242950108458059,0.96826107032068,0.811375553423567,0.9999117403046724,8.825969532753173e-05,0.2,0.0014274133859655306,56646,5,19,76
XGBoost,0.26,0.9382716049382716,0.8,0.8636363636363636,0.8242950108458059,0.96826107032068,0.811375553423567,0.9999117403046724,8.825969532753173e-05,0.2,0.0014274133859655306,56646,5,19,76
XGBoost,0.27,0.9382716049382716,0.8,0.8636363636363636,0.8242950108458059,0.96826107032068,0.811375553423567,0.9999117403046724,8.825969532753173e-05,0.2,0.0014274133859655306,56646,5,19,76
XGBoost,0.28,0.9382716049382716,0.8,0.8636363636363636,0.8242950108458059,0.96826107032068,0.811375553423567,0.9999117403046724,8.825969532753173e-05,0.2,0.0014274133859655306,56646,5,19,76
XGBoost,0.29000000000000004,0.9382716049382716,0.8,0.8636363636363636,0.8242950108458059,0.96826107032068,0.811375553423567,0.9999117403046724,8.825969532753173e-05,0.2,0.0014274133859655306,56646,5,19,76
XGBoost,0.3,0.9382716049382716,0.8,0.8636363636363636,0.8242950108458059,0.96826107032068,0.811375553423567,0.9999117403046724,8.825969532753173e-05,0.2,0.0014274133859655306,56646,5,19,76
XGBoost,0.31,0.9382716049382716,0.8,0.8636363636363636,0.8242950108458059,0.96826107032068,0.811375553423567,0.9999117403046724,8.825969532753173e-05,0.2,0.0014274133859655306,56646,5,19,76
XGBoost,0.32,0.9382716049382716,0.8,0.8636363636363636,0.8242950108458059,0.96826107032068,0.811375553423567,0.9999117403046724,8.825969532753173e-05,0.2,0.0014274133859655306,56646,5,19,76
XGBoost,0.33,0.9382716049382716,0.8,0.8636363636363636,0.8242950108458059,0.96826107032068,0.811375553423567,0.9999117403046724,8.825969532753173e-05,0.2,0.0014274133859655306,56646,5,19,76
XGBoost,0.34,0.9382716049382716,0.8,0.8636363636363636,0.8242950108458059,0.96826107032068,0.811375553423567,0.9999117403046724,8.825969532753173e-05,0.2,0.0014274133859655306,56646,5,19,76
XGBoost,0.35000000000000003,0.9382716049382716,0.8,0.8636363636363636,0.8242950108458059,0.96826107032068,0.811375553423567,0.9999117403046724,8.825969532753173e-05,0.2,0.0014274133859655306,56646,5,19,76
XGBoost,0.36000000000000004,0.95,0.8,0.8685714285714285,0.8260869565215596,0.96826107032068,0.811375553423567,0.999929392243738,7.060775626202538e-05,0.2,0.0014097909984844747,56647,4,19,76
XGBoost,0.37,0.95,0.8,0.8685714285714285,0.8260869565215596,0.96826107032068,0.811375553423567,0.999929392243738,7.060775626202538e-05,0.2,0.0014097909984844747,56647,4,19,76
XGBoost,0.38,0.95,0.8,0.8685714285714285,0.8260869565215596,0.96826107032068,0.811375553423567,0.999929392243738,7.060775626202538e-05,0.2,0.0014097909984844747,56647,4,19,76
XGBoost,0.39,0.95,0.8,0.8685714285714285,0.8260869565215596,0.96826107032068,0.811375553423567,0.999929392243738,7.060775626202538e-05,0.2,0.0014097909984844747,56647,4,19,76
XGBoost,0.4,0.95,0.8,0.8685714285714285,0.8260869565215596,0.96826107032068,0.811375553423567,0.999929392243738,7.060775626202538e-05,0.2,0.0014097909984844747,56647,4,19,76
XGBoost,0.41000000000000003,0.95,0.8,0.8685714285714285,0.8260869565215596,0.96826107032068,0.811375553423567,0.999929392243738,7.060775626202538e-05,0.2,0.0014097909984844747,56647,4,19,76
XGBoost,0.42000000000000004,0.95,0.8,0.8685714285714285,0.8260869565215596,0.96826107032068,0.811375553423567,0.999929392243738,7.060775626202538e-05,0.2,0.0014097909984844747,56647,4,19,76
XGBoost,0.43,0.95,0.8,0.8685714285714285,0.8260869565215596,0.96826107032068,0.811375553423567,0.999929392243738,7.060775626202538e-05,0.2,0.0014097909984844747,56647,4,19,76
XGBoost,0.44,0.95,0.8,0.8685714285714285,0.8260869565215596,0.96826107032068,0.811375553423567,0.999929392243738,7.060775626202538e-05,0.2,0.0014097909984844747,56647,4,19,76
XGBoost,0.45,0.95,0.8,0.8685714285714285,0.8260869565215596,0.96826107032068,0.811375553423567,0.999929392243738,7.060775626202538e-05,0.2,0.0014097909984844747,56647,4,19,76
XGBoost,0.46,0.95,0.8,0.8685714285714285,0.8260869565215596,0.96826107032068,0.811375553423567,0.999929392243738,7.060775626202538e-05,0.2,0.0014097909984844747,56647,4,19,76
XGBoost,0.47000000000000003,0.95,0.8,0.8685714285714285,0.8260869565215596,0.96826107032068,0.811375553423567,0.999929392243738,7.060775626202538e-05,0.2,0.0014097909984844747,56647,4,19,76
XGBoost,0.48000000000000004,0.95,0.8,0.8685714285714285,0.8260869565215596,0.96826107032068,0.811375553423567,0.999929392243738,7.060775626202538e-05,0.2,0.0014097909984844747,56647,4,19,76
XGBoost,0.49,0.95,0.8,0.8685714285714285,0.8260869565215596,0.96826107032068,0.811375553423567,0.999929392243738,7.060775626202538e-05,0.2,0.0014097909984844747,56647,4,19,76
XGBoost,0.5,0.95,0.8,0.8685714285714285,0.8260869565215596,0.96826107032068,0.811375553423567,0.999929392243738,7.060775626202538e-05,0.2,0.0014097909984844747,56647,4,19,76
XGBoost,0.51,0.95,0.8,0.8685714285714285,0.8260869565215596,0.96826107032068,0.811375553423567,0.999929392243738,7.060775626202538e-05,0.2,0.0014097909984844747,56647,4,19,76
XGBoost,0.52,0.95,0.8,0.8685714285714285,0.8260869565215596,0.96826107032068,0.811375553423567,0.999929392243738,7.060775626202538e-05,0.2,0.0014097909984844747,56647,4,19,76
XGBoost,0.53,0.9620253164556962,0.8,0.8735632183908046,0.8278867102394734,0.96826107032068,0.811375553423567,0.9999470441828034,5.2955817196519035e-05,0.2,0.0013921686110034187,56648,3,19,76
XGBoost,0.54,0.9620253164556962,0.8,0.8735632183908046,0.8278867102394734,0.96826107032068,0.811375553423567,0.9999470441828034,5.2955817196519035e-05,0.2,0.0013921686110034187,56648,3,19,76
XGBoost,0.55,0.9620253164556962,0.8,0.8735632183908046,0.8278867102394734,0.96826107032068,0.811375553423567,0.9999470441828034,5.2955817196519035e-05,0.2,0.0013921686110034187,56648,3,19,76
XGBoost,0.56,0.9620253164556962,0.8,0.8735632183908046,0.8278867102394734,0.96826107032068,0.811375553423567,0.9999470441828034,5.2955817196519035e-05,0.2,0.0013921686110034187,56648,3,19,76
XGBoost,0.5700000000000001,0.9620253164556962,0.8,0.8735632183908046,0.8278867102394734,0.96826107032068,0.811375553423567,0.9999470441828034,5.2955817196519035e-05,0.2,0.0013921686110034187,56648,3,19,76
XGBoost,0.5800000000000001,0.9743589743589743,0.8,0.8786127167630058,0.8296943231439281,0.96826107032068,0.811375553423567,0.999964696121869,3.530387813101269e-05,0.2,0.0013745462235223629,56649,2,19,76
XGBoost,0.59,0.9743589743589743,0.8,0.8786127167630058,0.8296943231439281,0.96826107032068,0.811375553423567,0.999964696121869,3.530387813101269e-05,0.2,0.0013745462235223629,56649,2,19,76
XGBoost,0.6,0.974025974025974,0.7894736842105263,0.872093023255814,0.8205689277897591,0.96826107032068,0.811375553423567,0.999964696121869,3.530387813101269e-05,0.21052631578947367,0.0013569238360413068,56649,2,20,75
XGBoost,0.61,0.974025974025974,0.7894736842105263,0.872093023255814,0.8205689277897591,0.96826107032068,0.811375553423567,0.999964696121869,3.530387813101269e-05,0.21052631578947367,0.0013569238360413068,56649,2,20,75
XGBoost,0.62,0.974025974025974,0.7894736842105263,0.872093023255814,0.8205689277897591,0.96826107032068,0.811375553423567,0.999964696121869,3.530387813101269e-05,0.21052631578947367,0.0013569238360413068,56649,2,20,75
XGBoost,0.63,0.974025974025974,0.7894736842105263,0.872093023255814,0.8205689277897591,0.96826107032068,0.811375553423567,0.999964696121869,3.530387813101269e-05,0.21052631578947367,0.0013569238360413068,56649,2,20,75
XGBoost,0.64,0.9736842105263158,0.7789473684210526,0.8654970760233919,0.811403508771756,0.96826107032068,0.811375553423567,0.999964696121869,3.530387813101269e-05,0.22105263157894736,0.001339301448560251,56649,2,21,74
XGBoost,0.65,0.9736842105263158,0.7789473684210526,0.8654970760233919,0.811403508771756,0.96826107032068,0.811375553423567,0.999964696121869,3.530387813101269e-05,0.22105263157894736,0.001339301448560251,56649,2,21,74
XGBoost,0.66,0.9736842105263158,0.7789473684210526,0.8654970760233919,0.811403508771756,0.96826107032068,0.811375553423567,0.999964696121869,3.530387813101269e-05,0.22105263157894736,0.001339301448560251,56649,2,21,74
XGBoost,0.67,0.9736842105263158,0.7789473684210526,0.8654970760233919,0.811403508771756,0.96826107032068,0.811375553423567,0.999964696121869,3.530387813101269e-05,0.22105263157894736,0.001339301448560251,56649,2,21,74
XGBoost,0.68,0.9736842105263158,0.7789473684210526,0.8654970760233919,0.811403508771756,0.96826107032068,0.811375553423567,0.999964696121869,3.530387813101269e-05,0.22105263157894736,0.001339301448560251,56649,2,21,74
XGBoost,0.6900000000000001,0.9736842105263158,0.7789473684210526,0.8654970760233919,0.811403508771756,0.96826107032068,0.811375553423567,0.999964696121869,3.530387813101269e-05,0.22105263157894736,0.001339301448560251,56649,2,21,74
XGBoost,0.7000000000000001,0.9736842105263158,0.7789473684210526,0.8654970760233919,0.811403508771756,0.96826107032068,0.811375553423567,0.999964696121869,3.530387813101269e-05,0.22105263157894736,0.001339301448560251,56649,2,21,74
XGBoost,0.7100000000000001,0.9736842105263158,0.7789473684210526,0.8654970760233919,0.811403508771756,0.96826107032068,0.811375553423567,0.999964696121869,3.530387813101269e-05,0.22105263157894736,0.001339301448560251,56649,2,21,74
XGBoost,0.72,0.9736842105263158,0.7789473684210526,0.8654970760233919,0.811403508771756,0.96826107032068,0.811375553423567,0.999964696121869,3.530387813101269e-05,0.22105263157894736,0.001339301448560251,56649,2,21,74
XGBoost,0.73,0.9736842105263158,0.7789473684210526,0.8654970760233919,0.811403508771756,0.96826107032068,0.811375553423567,0.999964696121869,3.530387813101269e-05,0.22105263157894736,0.001339301448560251,56649,2,21,74
XGBoost,0.74,0.9736842105263158,0.7789473684210526,0.8654970760233919,0.811403508771756,0.96826107032068,0.811375553423567,0.999964696121869,3.530387813101269e-05,0.22105263157894736,0.001339301448560251,56649,2,21,74
XGBoost,0.75,0.9736842105263158,0.7789473684210526,0.8654970760233919,0.811403508771756,0.96826107032068,0.811375553423567,0.999964696121869,3.530387813101269e-05,0.22105263157894736,0.001339301448560251,56649,2,21,74
XGBoost,0.76,0.9736842105263158,0.7789473684210526,0.8654970760233919,0.811403508771756,0.96826107032068,0.811375553423567,0.999964696121869,3.530387813101269e-05,0.22105263157894736,0.001339301448560251,56649,2,21,74
XGBoost,0.77,0.9736842105263158,0.7789473684210526,0.8654970760233919,0.811403508771756,0.96826107032068,0.811375553423567,0.999964696121869,3.530387813101269e-05,0.22105263157894736,0.001339301448560251,56649,2,21,74
XGBoost,0.78,0.9736842105263158,0.7789473684210526,0.8654970760233919,0.811403508771756,0.96826107032068,0.811375553423567,0.999964696121869,3.530387813101269e-05,0.22105263157894736,0.001339301448560251,56649,2,21,74
XGBoost,0.79,0.9736842105263158,0.7789473684210526,0.8654970760233919,0.811403508771756,0.96826107032068,0.811375553423567,0.999964696121869,3.530387813101269e-05,0.22105263157894736,0.001339301448560251,56649,2,21,74
XGBoost,0.8,0.9736842105263158,0.7789473684210526,0.8654970760233919,0.811403508771756,0.96826107032068,0.811375553423567,0.999964696121869,3.530387813101269e-05,0.22105263157894736,0.001339301448560251,56649,2,21,74
XGBoost,0.81,0.9736842105263158,0.7789473684210526,0.8654970760233919,0.811403508771756,0.96826107032068,0.811375553423567,0.999964696121869,3.530387813101269e-05,0.22105263157894736,0.001339301448560251,56649,2,21,74
XGBoost,0.8200000000000001,0.9736842105263158,0.7789473684210526,0.8654970760233919,0.811403508771756,0.96826107032068,0.811375553423567,0.999964696121869,3.530387813101269e-05,0.22105263157894736,0.001339301448560251,56649,2,21,74
XGBoost,0.8300000000000001,0.9866666666666667,0.7789473684210526,0.8705882352941177,0.8131868131866411,0.96826107032068,0.811375553423567,0.9999823480609344,1.7651939065506346e-05,0.22105263157894736,0.001321679061079195,56650,1,21,74
XGBoost,0.8400000000000001,0.9866666666666667,0.7789473684210526,0.8705882352941177,0.8131868131866411,0.96826107032068,0.811375553423567,0.9999823480609344,1.7651939065506346e-05,0.22105263157894736,0.001321679061079195,56650,1,21,74
XGBoost,0.85,0.9866666666666667,0.7789473684210526,0.8705882352941177,0.8131868131866411,0.96826107032068,0.811375553423567,0.9999823480609344,1.7651939065506346e-05,0.22105263157894736,0.001321679061079195,56650,1,21,74
XGBoost,0.86,0.9866666666666667,0.7789473684210526,0.8705882352941177,0.8131868131866411,0.96826107032068,0.811375553423567,0.9999823480609344,1.7651939065506346e-05,0.22105263157894736,0.001321679061079195,56650,1,21,74
XGBoost,0.87,0.9866666666666667,0.7789473684210526,0.8705882352941177,0.8131868131866411,0.96826107032068,0.811375553423567,0.9999823480609344,1.7651939065506346e-05,0.22105263157894736,0.001321679061079195,56650,1,21,74
XGBoost,0.88,0.9866666666666667,0.7789473684210526,0.8705882352941177,0.8131868131866411,0.96826107032068,0.811375553423567,0.9999823480609344,1.7651939065506346e-05,0.22105263157894736,0.001321679061079195,56650,1,21,74
XGBoost,0.89,0.9866666666666667,0.7789473684210526,0.8705882352941177,0.8131868131866411,0.96826107032068,0.811375553423567,0.9999823480609344,1.7651939065506346e-05,0.22105263157894736,0.001321679061079195,56650,1,21,74
XGBoost,0.9,0.9866666666666667,0.7789473684210526,0.8705882352941177,0.8131868131866411,0.96826107032068,0.811375553423567,0.9999823480609344,1.7651939065506346e-05,0.22105263157894736,0.001321679061079195,56650,1,21,74
XGBoost,0.91,0.9866666666666667,0.7789473684210526,0.8705882352941177,0.8131868131866411,0.96826107032068,0.811375553423567,0.9999823480609344,1.7651939065506346e-05,0.22105263157894736,0.001321679061079195,56650,1,21,74
XGBoost,0.92,0.9866666666666667,0.7789473684210526,0.8705882352941177,0.8131868131866411,0.96826107032068,0.811375553423567,0.9999823480609344,1.7651939065506346e-05,0.22105263157894736,0.001321679061079195,56650,1,21,74
XGBoost,0.93,0.9863013698630136,0.7578947368421053,0.8571428571428571,0.7947019867547981,0.96826107032068,0.811375553423567,0.9999823480609344,1.7651939065506346e-05,0.24210526315789474,0.001286434286117083,56650,1,23,72
XGBoost,0.9400000000000001,0.9863013698630136,0.7578947368421053,0.8571428571428571,0.7947019867547981,0.96826107032068,0.811375553423567,0.9999823480609344,1.7651939065506346e-05,0.24210526315789474,0.001286434286117083,56650,1,23,72
XGBoost,0.9500000000000001,0.9861111111111112,0.7473684210526316,0.8502994011976047,0.7853982300883281,0.96826107032068,0.811375553423567,0.9999823480609344,1.7651939065506346e-05,0.25263157894736843,0.0012688118986360273,56650,1,24,71
XGBoost,0.9600000000000001,0.9857142857142858,0.7263157894736842,0.8363636363636364,0.7666666666665024,0.96826107032068,0.811375553423567,0.9999823480609344,1.7651939065506346e-05,0.2736842105263158,0.0012335671236739154,56650,1,26,69
XGBoost,0.97,0.9857142857142858,0.7263157894736842,0.8363636363636364,0.7666666666665024,0.96826107032068,0.811375553423567,0.9999823480609344,1.7651939065506346e-05,0.2736842105263158,0.0012335671236739154,56650,1,26,69
XGBoost,0.98,0.9852941176470589,0.7052631578947368,0.8220858895705521,0.7477678571426961,0.96826107032068,0.811375553423567,0.9999823480609344,1.7651939065506346e-05,0.29473684210526313,0.0011983223487118035,56650,1,28,67
XGBoost,0.99,0.9850746268656716,0.6947368421052632,0.8148148148148148,0.7382550335568876,0.96826107032068,0.811375553423567,0.9999823480609344,1.7651939065506346e-05,0.30526315789473685,0.0011806999612307475,56650,1,29,66
CatBoost,0.01,0.13377926421404682,0.8421052631578947,0.23088023088023085,0.40899795500992786,0.9757306276936627,0.8138259782441386,0.9908562955640677,0.009143704435932288,0.15789473684210525,0.010538187713671448,56133,518,15,80
CatBoost,0.02,0.23582089552238805,0.8315789473684211,0.36744186046511623,0.5524475524472412,0.9757306276936627,0.8138259782441386,0.9954811035992304,0.004518896400769625,0.16842105263157894,0.005903499806153738,56395,256,16,79
CatBoost,0.03,0.3333333333333333,0.8210526315789474,0.4741641337386017,0.6351791530941676,0.9757306276936627,0.8138259782441386,0.997246297505781,0.0027537024942189898,0.17894736842105263,0.004123638670567089,56495,156,17,78
CatBoost,0.04,0.37320574162679426,0.8210526315789474,0.513157894736842,0.662139219014994,0.9757306276936627,0.8138259782441386,0.9976875959824186,0.0023124040175813315,0.17894736842105263,0.00368307898354069,56520,131,17,78
CatBoost,0.05,0.41711229946524064,0.8210526315789474,0.5531914893617021,0.6878306878304116,0.9757306276936627,0.8138259782441386,0.9980759386418598,0.0019240613581401917,0.17894736842105263,0.0032953864589574597,56542,109,17,78
CatBoost,0.060000000000000005,0.4727272727272727,0.8210526315789474,0.6,0.7155963302749655,0.9757306276936627,0.8138259782441386,0.9984642813013009,0.0015357186986990521,0.17894736842105263,0.002907693934374229,56564,87,17,78
CatBoost,0.06999999999999999,0.5098039215686274,0.8210526315789474,0.6290322580645161,0.7317073170729149,0.9757306276936627,0.8138259782441386,0.998676104570087,0.001323895429912976,0.17894736842105263,0.0026962252846015576,56576,75,17,78
CatBoost,0.08,0.5416666666666666,0.8210526315789474,0.6527196652719666,0.7442748091600562,0.9757306276936627,0.8138259782441386,0.9988349720216766,0.001165027978323419,0.17894736842105263,0.0025376237972720545,56585,66,17,78
CatBoost,0.09,0.5703703703703704,0.8105263157894737,0.6695652173913044,0.7475728155337388,0.9757306276936627,0.8138259782441386,0.9989761875342006,0.001023812465799368,0.18947368421052632,0.002379022309942551,56593,58,18,77
CatBoost,0.09999999999999999,0.5877862595419847,0.8105263157894737,0.6814159292035399,0.7534246575340083,0.9757306276936627,0.8138259782441386,0.9990467952904627,0.0009532047095373426,0.18947368421052632,0.002308532760018327,56597,54,18,77
CatBoost,0.11,0.608,0.8,0.6909090909090909,0.7524752475245197,0.9757306276936627,0.8138259782441386,0.9991350549857901,0.000864945014209811,0.2,0.002202798435131992,56602,49,19,76
CatBoost,0.12,0.6495726495726496,0.8,0.7169811320754716,0.7645875251506804,0.9757306276936627,0.8138259782441386,0.9992762704983142,0.0007237295016857602,0.2,0.0020618193352835443,56610,41,19,76
CatBoost,0.13,0.672566371681416,0.8,0.730769230769231,0.7707910750504892,0.9757306276936627,0.8138259782441386,0.9993468782545762,0.0006531217454237348,0.2,0.0019913297853593206,56614,37,19,76
CatBoost,0.14,0.6785714285714286,0.8,0.7342995169082126,0.7723577235770162,0.9757306276936627,0.8138259782441386,0.9993645301936418,0.0006354698063582285,0.2,0.0019737073978782645,56615,36,19,76
CatBoost,0.15000000000000002,0.7037037037037037,0.8,0.7487684729064039,0.7786885245899485,0.9757306276936627,0.8138259782441386,0.9994351379499038,0.0005648620500962031,0.2,0.0019032178479540408,56619,32,19,76
CatBoost,0.16,0.7307692307692307,0.8,0.763819095477387,0.7851239669419379,0.9757306276936627,0.8138259782441386,0.9995057457061658,0.0004942542938341777,0.2,0.001832728298029817,56623,28,19,76
CatBoost,0.17,0.7524752475247525,0.8,0.7755102040816327,0.7900207900205827,0.9757306276936627,0.8138259782441386,0.9995587015233623,0.00044129847663765867,0.2,0.0017798611355866493,56626,25,19,76
CatBoost,0.18000000000000002,0.76,0.8,0.7794871794871796,0.7916666666664606,0.9757306276936627,0.8138259782441386,0.9995763534624279,0.0004236465375721523,0.2,0.0017622387481055933,56627,24,19,76
CatBoost,0.19,0.7755102040816326,0.8,0.7875647668393783,0.7949790794977042,0.9757306276936627,0.8138259782441386,0.9996116573405589,0.0003883426594411396,0.2,0.0017269939731434814,56629,22,19,76
CatBoost,0.2,0.7835051546391752,0.8,0.7916666666666666,0.7966457023058771,0.9757306276936627,0.8138259782441386,0.9996293092796243,0.00037069072037563324,0.2,0.0017093715856624256,56630,21,19,76
CatBoost,0.21000000000000002,0.7916666666666666,0.8,0.7958115183246073,0.7983193277308911,0.9757306276936627,0.8138259782441386,0.9996469612186899,0.0003530387813101269,0.2,0.0016917491981813695,56631,20,19,76
CatBoost,0.22,0.8,0.8,0.8000000000000002,0.7999999999998,0.9757306276936627,0.8138259782441386,0.9996646131577553,0.0003353868422446206,0.2,0.0016741268107003137,56632,19,19,76
CatBoost,0.23,0.8085106382978723,0.8,0.8042328042328043,0.8016877637128813,0.9757306276936627,0.8138259782441386,0.9996822650968209,0.00031773490317911425,0.2,0.0016565044232192576,56633,18,19,76
CatBoost,0.24000000000000002,0.8351648351648352,0.8,0.8172043010752689,0.8067940552015037,0.9757306276936627,0.8138259782441386,0.9997352209140175,0.0002647790859825952,0.2,0.00160363726077609,56636,15,19,76
CatBoost,0.25,0.8351648351648352,0.8,0.8172043010752689,0.8067940552015037,0.9757306276936627,0.8138259782441386,0.9997352209140175,0.0002647790859825952,0.2,0.00160363726077609,56636,15,19,76
CatBoost,0.26,0.8444444444444444,0.8,0.8216216216216217,0.8085106382976789,0.9757306276936627,0.8138259782441386,0.9997528728530829,0.0002471271469170888,0.2,0.0015860148732950341,56637,14,19,76
CatBoost,0.27,0.8636363636363636,0.8,0.8306010928961749,0.8119658119656211,0.9757306276936627,0.8138259782441386,0.9997881767312139,0.00021182326878607614,0.2,0.0015507700983329222,56639,12,19,76
CatBoost,0.28,0.8837209302325582,0.8,0.839779005524862,0.8154506437766359,0.9757306276936627,0.8138259782441386,0.9998234806093449,0.00017651939065506346,0.2,0.0015155253233708104,56641,10,19,76
CatBoost,0.29000000000000004,0.8837209302325582,0.8,0.839779005524862,0.8154506437766359,0.9757306276936627,0.8138259782441386,0.9998234806093449,0.00017651939065506346,0.2,0.0015155253233708104,56641,10,19,76
CatBoost,0.3,0.8837209302325582,0.8,0.839779005524862,0.8154506437766359,0.9757306276936627,0.8138259782441386,0.9998234806093449,0.00017651939065506346,0.2,0.0015155253233708104,56641,10,19,76
CatBoost,0.31,0.8837209302325582,0.8,0.839779005524862,0.8154506437766359,0.9757306276936627,0.8138259782441386,0.9998234806093449,0.00017651939065506346,0.2,0.0015155253233708104,56641,10,19,76
CatBoost,0.32,0.8837209302325582,0.8,0.839779005524862,0.8154506437766359,0.9757306276936627,0.8138259782441386,0.9998234806093449,0.00017651939065506346,0.2,0.0015155253233708104,56641,10,19,76
CatBoost,0.33,0.8941176470588236,0.8,0.8444444444444443,0.817204301075082,0.9757306276936627,0.8138259782441386,0.9998411325484104,0.00015886745158955713,0.2,0.0014979029358897543,56642,9,19,76
CatBoost,0.34,0.9047619047619048,0.8,0.8491620111731844,0.8189655172411939,0.9757306276936627,0.8138259782441386,0.999858784487476,0.00014121551252405077,0.2,0.0014802805484086985,56643,8,19,76
CatBoost,0.35000000000000003,0.9047619047619048,0.8,0.8491620111731844,0.8189655172411939,0.9757306276936627,0.8138259782441386,0.999858784487476,0.00014121551252405077,0.2,0.0014802805484086985,56643,8,19,76
CatBoost,0.36000000000000004,0.9047619047619048,0.8,0.8491620111731844,0.8189655172411939,0.9757306276936627,0.8138259782441386,0.999858784487476,0.00014121551252405077,0.2,0.0014802805484086985,56643,8,19,76
CatBoost,0.37,0.9047619047619048,0.8,0.8491620111731844,0.8189655172411939,0.9757306276936627,0.8138259782441386,0.999858784487476,0.00014121551252405077,0.2,0.0014802805484086985,56643,8,19,76
CatBoost,0.38,0.9047619047619048,0.8,0.8491620111731844,0.8189655172411939,0.9757306276936627,0.8138259782441386,0.999858784487476,0.00014121551252405077,0.2,0.0014802805484086985,56643,8,19,76
CatBoost,0.39,0.9047619047619048,0.8,0.8491620111731844,0.8189655172411939,0.9757306276936627,0.8138259782441386,0.999858784487476,0.00014121551252405077,0.2,0.0014802805484086985,56643,8,19,76
CatBoost,0.4,0.9047619047619048,0.8,0.8491620111731844,0.8189655172411939,0.9757306276936627,0.8138259782441386,0.999858784487476,0.00014121551252405077,0.2,0.0014802805484086985,56643,8,19,76
CatBoost,0.41000000000000003,0.9047619047619048,0.8,0.8491620111731844,0.8189655172411939,0.9757306276936627,0.8138259782441386,0.999858784487476,0.00014121551252405077,0.2,0.0014802805484086985,56643,8,19,76
CatBoost,0.42000000000000004,0.9047619047619048,0.8,0.8491620111731844,0.8189655172411939,0.9757306276936627,0.8138259782441386,0.999858784487476,0.00014121551252405077,0.2,0.0014802805484086985,56643,8,19,76
CatBoost,0.43,0.9156626506024096,0.8,0.8539325842696628,0.8207343412525159,0.9757306276936627,0.8138259782441386,0.9998764364265414,0.0001235635734585444,0.2,0.0014626581609276424,56644,7,19,76
CatBoost,0.44,0.9156626506024096,0.8,0.8539325842696628,0.8207343412525159,0.9757306276936627,0.8138259782441386,0.9998764364265414,0.0001235635734585444,0.2,0.0014626581609276424,56644,7,19,76
CatBoost,0.45,0.9156626506024096,0.8,0.8539325842696628,0.8207343412525159,0.9757306276936627,0.8138259782441386,0.9998764364265414,0.0001235635734585444,0.2,0.0014626581609276424,56644,7,19,76
CatBoost,0.46,0.9156626506024096,0.8,0.8539325842696628,0.8207343412525159,0.9757306276936627,0.8138259782441386,0.9998764364265414,0.0001235635734585444,0.2,0.0014626581609276424,56644,7,19,76
CatBoost,0.47000000000000003,0.9156626506024096,0.8,0.8539325842696628,0.8207343412525159,0.9757306276936627,0.8138259782441386,0.9998764364265414,0.0001235635734585444,0.2,0.0014626581609276424,56644,7,19,76
CatBoost,0.48000000000000004,0.9156626506024096,0.8,0.8539325842696628,0.8207343412525159,0.9757306276936627,0.8138259782441386,0.9998764364265414,0.0001235635734585444,0.2,0.0014626581609276424,56644,7,19,76
CatBoost,0.49,0.9156626506024096,0.8,0.8539325842696628,0.8207343412525159,0.9757306276936627,0.8138259782441386,0.9998764364265414,0.0001235635734585444,0.2,0.0014626581609276424,56644,7,19,76
CatBoost,0.5,0.926829268292683,0.8,0.8587570621468926,0.8225108225106401,0.9757306276936627,0.8138259782441386,0.999894088365607,0.00010591163439303807,0.2,0.0014450357734465866,56645,6,19,76
CatBoost,0.51,0.926829268292683,0.8,0.8587570621468926,0.8225108225106401,0.9757306276936627,0.8138259782441386,0.999894088365607,0.00010591163439303807,0.2,0.0014450357734465866,56645,6,19,76
CatBoost,0.52,0.926829268292683,0.8,0.8587570621468926,0.8225108225106401,0.9757306276936627,0.8138259782441386,0.999894088365607,0.00010591163439303807,0.2,0.0014450357734465866,56645,6,19,76
CatBoost,0.53,0.926829268292683,0.8,0.8587570621468926,0.8225108225106401,0.9757306276936627,0.8138259782441386,0.999894088365607,0.00010591163439303807,0.2,0.0014450357734465866,56645,6,19,76
CatBoost,0.54,0.926829268292683,0.8,0.8587570621468926,0.8225108225106401,0.9757306276936627,0.8138259782441386,0.999894088365607,0.00010591163439303807,0.2,0.0014450357734465866,56645,6,19,76
CatBoost,0.55,0.9382716049382716,0.8,0.8636363636363636,0.8242950108458059,0.9757306276936627,0.8138259782441386,0.9999117403046724,8.825969532753173e-05,0.2,0.0014274133859655306,56646,5,19,76
CatBoost,0.56,0.9382716049382716,0.8,0.8636363636363636,0.8242950108458059,0.9757306276936627,0.8138259782441386,0.9999117403046724,8.825969532753173e-05,0.2,0.0014274133859655306,56646,5,19,76
CatBoost,0.5700000000000001,0.9382716049382716,0.8,0.8636363636363636,0.8242950108458059,0.9757306276936627,0.8138259782441386,0.9999117403046724,8.825969532753173e-05,0.2,0.0014274133859655306,56646,5,19,76
CatBoost,0.5800000000000001,0.9382716049382716,0.8,0.8636363636363636,0.8242950108458059,0.9757306276936627,0.8138259782441386,0.9999117403046724,8.825969532753173e-05,0.2,0.0014274133859655306,56646,5,19,76
CatBoost,0.59,0.9382716049382716,0.8,0.8636363636363636,0.8242950108458059,0.9757306276936627,0.8138259782441386,0.9999117403046724,8.825969532753173e-05,0.2,0.0014274133859655306,56646,5,19,76
CatBoost,0.6,0.9382716049382716,0.8,0.8636363636363636,0.8242950108458059,0.9757306276936627,0.8138259782441386,0.9999117403046724,8.825969532753173e-05,0.2,0.0014274133859655306,56646,5,19,76
CatBoost,0.61,0.9382716049382716,0.8,0.8636363636363636,0.8242950108458059,0.9757306276936627,0.8138259782441386,0.9999117403046724,8.825969532753173e-05,0.2,0.0014274133859655306,56646,5,19,76
CatBoost,0.62,0.9382716049382716,0.8,0.8636363636363636,0.8242950108458059,0.9757306276936627,0.8138259782441386,0.9999117403046724,8.825969532753173e-05,0.2,0.0014274133859655306,56646,5,19,76
CatBoost,0.63,0.95,0.8,0.8685714285714285,0.8260869565215596,0.9757306276936627,0.8138259782441386,0.999929392243738,7.060775626202538e-05,0.2,0.0014097909984844747,56647,4,19,76
CatBoost,0.64,0.9493670886075949,0.7894736842105263,0.8620689655172414,0.8169934640521094,0.9757306276936627,0.8138259782441386,0.999929392243738,7.060775626202538e-05,0.21052631578947367,0.0013921686110034187,56647,4,20,75
CatBoost,0.65,0.9493670886075949,0.7894736842105263,0.8620689655172414,0.8169934640521094,0.9757306276936627,0.8138259782441386,0.999929392243738,7.060775626202538e-05,0.21052631578947367,0.0013921686110034187,56647,4,20,75
CatBoost,0.66,0.9493670886075949,0.7894736842105263,0.8620689655172414,0.8169934640521094,0.9757306276936627,0.8138259782441386,0.999929392243738,7.060775626202538e-05,0.21052631578947367,0.0013921686110034187,56647,4,20,75
CatBoost,0.67,0.9493670886075949,0.7894736842105263,0.8620689655172414,0.8169934640521094,0.9757306276936627,0.8138259782441386,0.999929392243738,7.060775626202538e-05,0.21052631578947367,0.0013921686110034187,56647,4,20,75
CatBoost,0.68,0.9493670886075949,0.7894736842105263,0.8620689655172414,0.8169934640521094,0.9757306276936627,0.8138259782441386,0.999929392243738,7.060775626202538e-05,0.21052631578947367,0.0013921686110034187,56647,4,20,75
CatBoost,0.6900000000000001,0.9493670886075949,0.7894736842105263,0.8620689655172414,0.8169934640521094,0.9757306276936627,0.8138259782441386,0.999929392243738,7.060775626202538e-05,0.21052631578947367,0.0013921686110034187,56647,4,20,75
CatBoost,0.7000000000000001,0.9493670886075949,0.7894736842105263,0.8620689655172414,0.8169934640521094,0.9757306276936627,0.8138259782441386,0.999929392243738,7.060775626202538e-05,0.21052631578947367,0.0013921686110034187,56647,4,20,75
CatBoost,0.7100000000000001,0.9493670886075949,0.7894736842105263,0.8620689655172414,0.8169934640521094,0.9757306276936627,0.8138259782441386,0.999929392243738,7.060775626202538e-05,0.21052631578947367,0.0013921686110034187,56647,4,20,75
CatBoost,0.72,0.9493670886075949,0.7894736842105263,0.8620689655172414,0.8169934640521094,0.9757306276936627,0.8138259782441386,0.999929392243738,7.060775626202538e-05,0.21052631578947367,0.0013921686110034187,56647,4,20,75
CatBoost,0.73,0.9493670886075949,0.7894736842105263,0.8620689655172414,0.8169934640521094,0.9757306276936627,0.8138259782441386,0.999929392243738,7.060775626202538e-05,0.21052631578947367,0.0013921686110034187,56647,4,20,75
CatBoost,0.74,0.9493670886075949,0.7894736842105263,0.8620689655172414,0.8169934640521094,0.9757306276936627,0.8138259782441386,0.999929392243738,7.060775626202538e-05,0.21052631578947367,0.0013921686110034187,56647,4,20,75
CatBoost,0.75,0.9493670886075949,0.7894736842105263,0.8620689655172414,0.8169934640521094,0.9757306276936627,0.8138259782441386,0.999929392243738,7.060775626202538e-05,0.21052631578947367,0.0013921686110034187,56647,4,20,75
CatBoost,0.76,0.9493670886075949,0.7894736842105263,0.8620689655172414,0.8169934640521094,0.9757306276936627,0.8138259782441386,0.999929392243738,7.060775626202538e-05,0.21052631578947367,0.0013921686110034187,56647,4,20,75
CatBoost,0.77,0.9493670886075949,0.7894736842105263,0.8620689655172414,0.8169934640521094,0.9757306276936627,0.8138259782441386,0.999929392243738,7.060775626202538e-05,0.21052631578947367,0.0013921686110034187,56647,4,20,75
CatBoost,0.78,0.9615384615384616,0.7894736842105263,0.8670520231213873,0.8187772925762425,0.9757306276936627,0.8138259782441386,0.9999470441828034,5.2955817196519035e-05,0.21052631578947367,0.0013745462235223629,56648,3,20,75
CatBoost,0.79,0.9615384615384616,0.7894736842105263,0.8670520231213873,0.8187772925762425,0.9757306276936627,0.8138259782441386,0.9999470441828034,5.2955817196519035e-05,0.21052631578947367,0.0013745462235223629,56648,3,20,75
CatBoost,0.8,0.9615384615384616,0.7894736842105263,0.8670520231213873,0.8187772925762425,0.9757306276936627,0.8138259782441386,0.9999470441828034,5.2955817196519035e-05,0.21052631578947367,0.0013745462235223629,56648,3,20,75
CatBoost,0.81,0.9615384615384616,0.7894736842105263,0.8670520231213873,0.8187772925762425,0.9757306276936627,0.8138259782441386,0.9999470441828034,5.2955817196519035e-05,0.21052631578947367,0.0013745462235223629,56648,3,20,75
CatBoost,0.8200000000000001,0.9615384615384616,0.7894736842105263,0.8670520231213873,0.8187772925762425,0.9757306276936627,0.8138259782441386,0.9999470441828034,5.2955817196519035e-05,0.21052631578947367,0.0013745462235223629,56648,3,20,75
CatBoost,0.8300000000000001,0.9615384615384616,0.7894736842105263,0.8670520231213873,0.8187772925762425,0.9757306276936627,0.8138259782441386,0.9999470441828034,5.2955817196519035e-05,0.21052631578947367,0.0013745462235223629,56648,3,20,75
CatBoost,0.8400000000000001,0.9615384615384616,0.7894736842105263,0.8670520231213873,0.8187772925762425,0.9757306276936627,0.8138259782441386,0.9999470441828034,5.2955817196519035e-05,0.21052631578947367,0.0013745462235223629,56648,3,20,75
CatBoost,0.85,0.961038961038961,0.7789473684210526,0.8604651162790697,0.80962800875256,0.9757306276936627,0.8138259782441386,0.9999470441828034,5.2955817196519035e-05,0.22105263157894736,0.0013569238360413068,56648,3,21,74
CatBoost,0.86,0.9605263157894737,0.7684210526315789,0.8538011695906433,0.8004385964910543,0.9757306276936627,0.8138259782441386,0.9999470441828034,5.2955817196519035e-05,0.23157894736842105,0.001339301448560251,56648,3,22,73
CatBoost,0.87,0.9605263157894737,0.7684210526315789,0.8538011695906433,0.8004385964910543,0.9757306276936627,0.8138259782441386,0.9999470441828034,5.2955817196519035e-05,0.23157894736842105,0.001339301448560251,56648,3,22,73
CatBoost,0.88,0.9733333333333334,0.7684210526315789,0.8588235294117647,0.80219780219763,0.9757306276936627,0.8138259782441386,0.999964696121869,3.530387813101269e-05,0.23157894736842105,0.001321679061079195,56649,2,22,73
CatBoost,0.89,0.9733333333333334,0.7684210526315789,0.8588235294117647,0.80219780219763,0.9757306276936627,0.8138259782441386,0.999964696121869,3.530387813101269e-05,0.23157894736842105,0.001321679061079195,56649,2,22,73
CatBoost,0.9,0.9733333333333334,0.7684210526315789,0.8588235294117647,0.80219780219763,0.9757306276936627,0.8138259782441386,0.999964696121869,3.530387813101269e-05,0.23157894736842105,0.001321679061079195,56649,2,22,73
CatBoost,0.91,0.9733333333333334,0.7684210526315789,0.8588235294117647,0.80219780219763,0.9757306276936627,0.8138259782441386,0.999964696121869,3.530387813101269e-05,0.23157894736842105,0.001321679061079195,56649,2,22,73
CatBoost,0.92,0.9733333333333334,0.7684210526315789,0.8588235294117647,0.80219780219763,0.9757306276936627,0.8138259782441386,0.999964696121869,3.530387813101269e-05,0.23157894736842105,0.001321679061079195,56649,2,22,73
CatBoost,0.93,0.9733333333333334,0.7684210526315789,0.8588235294117647,0.80219780219763,0.9757306276936627,0.8138259782441386,0.999964696121869,3.530387813101269e-05,0.23157894736842105,0.001321679061079195,56649,2,22,73
CatBoost,0.9400000000000001,0.9863013698630136,0.7578947368421053,0.8571428571428571,0.7947019867547981,0.9757306276936627,0.8138259782441386,0.9999823480609344,1.7651939065506346e-05,0.24210526315789474,0.001286434286117083,56650,1,23,72
CatBoost,0.9500000000000001,0.9861111111111112,0.7473684210526316,0.8502994011976047,0.7853982300883281,0.9757306276936627,0.8138259782441386,0.9999823480609344,1.7651939065506346e-05,0.25263157894736843,0.0012688118986360273,56650,1,24,71
CatBoost,0.9600000000000001,0.9859154929577465,0.7368421052631579,0.8433734939759036,0.7760532150774395,0.9757306276936627,0.8138259782441386,0.9999823480609344,1.7651939065506346e-05,0.2631578947368421,0.0012511895111549712,56650,1,25,70
CatBoost,0.97,0.9857142857142858,0.7263157894736842,0.8363636363636364,0.7666666666665024,0.9757306276936627,0.8138259782441386,0.9999823480609344,1.7651939065506346e-05,0.2736842105263158,0.0012335671236739154,56650,1,26,69
CatBoost,0.98,0.9855072463768116,0.7157894736842105,0.8292682926829269,0.7572383073495035,0.9757306276936627,0.8138259782441386,0.9999823480609344,1.7651939065506346e-05,0.28421052631578947,0.0012159447361928593,56650,1,27,68
CatBoost,0.99,0.9850746268656716,0.6947368421052632,0.8148148148148148,0.7382550335568876,0.9757306276936627,0.8138259782441386,0.9999823480609344,1.7651939065506346e-05,0.30526315789473685,0.0011806999612307475,56650,1,29,66
Random Forest,0.01,0.05289672544080604,0.8842105263157894,0.0998217468805704,0.21341463414614667,0.9438144353841481,0.8101837108804693,0.9734514836454785,0.026548516354521545,0.11578947368421053,0.027984351319916823,55147,1504,11,84
Random Forest,0.02,0.14013840830449828,0.8526315789473684,0.2407132243684993,0.42275574112704944,0.9438144353841481,0.8101837108804693,0.9912269862844434,0.008773013715556654,0.14736842105263157,0.01018573996405033,56154,497,14,81
Random Forest,0.03,0.20253164556962025,0.8421052631578947,0.32653061224489793,0.5161290322577522,0.9438144353841481,0.8101837108804693,0.9944396391943655,0.005560360805634499,0.15789473684210525,0.006960843055017094,56336,315,15,80
Random Forest,0.04,0.308300395256917,0.8210526315789474,0.4482758620689655,0.6161137440755294,0.9438144353841481,0.8101837108804693,0.9969109106635364,0.0030890893364636106,0.17894736842105263,0.004458464032707151,56476,175,17,78
Random Forest,0.05,0.37320574162679426,0.8210526315789474,0.513157894736842,0.662139219014994,0.9438144353841481,0.8101837108804693,0.9976875959824186,0.0023124040175813315,0.17894736842105263,0.00368307898354069,56520,131,17,78
Random Forest,0.060000000000000005,0.45614035087719296,0.8210526315789474,0.5864661654135338,0.7078039927402043,0.9438144353841481,0.8101837108804693,0.9983583696669079,0.0016416303330920902,0.17894736842105263,0.0030134282592605647,56558,93,17,78
Random Forest,0.06999999999999999,0.52,0.8210526315789474,0.6367346938775511,0.7358490566035198,0.9438144353841481,0.8101837108804693,0.9987290603872836,0.001270939612716457,0.17894736842105263,0.00264335812215839,56579,72,17,78
Random Forest,0.08,0.6,0.8210526315789474,0.6933333333333334,0.7647058823527039,0.9438144353841481,0.8101837108804693,0.9990820991685937,0.00091790083140633,0.17894736842105263,0.002290910372537271,56599,52,17,78
Random Forest,0.09,0.6610169491525424,0.8210526315789474,0.7323943661971831,0.783132530120256,0.9438144353841481,0.8101837108804693,0.9992939224373798,0.0007060775626202538,0.17894736842105263,0.0020794417227646004,56611,40,17,78
Random Forest,0.09999999999999999,0.7222222222222222,0.8210526315789474,0.7684729064039408,0.799180327868637,0.9438144353841481,0.8101837108804693,0.9994704418280348,0.0005295581719651904,0.17894736842105263,0.0019032178479540408,56621,30,17,78
Random Forest,0.11,0.7289719626168224,0.8210526315789474,0.7722772277227723,0.8008213552359252,0.9438144353841481,0.8101837108804693,0.9994880937671003,0.000511906232899684,0.17894736842105263,0.001885595460472985,56622,29,17,78
Random Forest,0.12,0.7403846153846154,0.8105263157894737,0.7738693467336684,0.7954545454543346,0.9438144353841481,0.8101837108804693,0.9995233976452313,0.0004766023547686713,0.18947368421052632,0.001832728298029817,56624,27,18,77
Random Forest,0.13,0.7475728155339806,0.8105263157894737,0.7777777777777778,0.7971014492751526,0.9438144353841481,0.8101837108804693,0.9995410495842968,0.000458950415703165,0.18947368421052632,0.0018151059105487612,56625,26,18,77
Random Forest,0.14,0.7777777777777778,0.8105263157894737,0.7938144329896907,0.8037578288098159,0.9438144353841481,0.8101837108804693,0.9996116573405589,0.0003883426594411396,0.18947368421052632,0.0017446163606245374,56629,22,18,77
Random Forest,0.15000000000000002,0.7777777777777778,0.8105263157894737,0.7938144329896907,0.8037578288098159,0.9438144353841481,0.8101837108804693,0.9996116573405589,0.0003883426594411396,0.18947368421052632,0.0017446163606245374,56629,22,18,77
Random Forest,0.16,0.8105263157894737,0.8105263157894737,0.8105263157894737,0.8105263157892737,0.9438144353841481,0.8101837108804693,0.9996822650968209,0.00031773490317911425,0.18947368421052632,0.0016741268107003137,56633,18,18,77
Random Forest,0.17,0.8279569892473119,0.8105263157894737,0.8191489361702128,0.8139534883718955,0.9438144353841481,0.8101837108804693,0.9997175689749519,0.00028243102504810154,0.18947368421052632,0.0016388820357382018,56635,16,18,77
Random Forest,0.18000000000000002,0.8555555555555555,0.8105263157894737,0.8324324324324324,0.8191489361700192,0.9438144353841481,0.8101837108804693,0.9997705247921485,0.0002294752078515825,0.18947368421052632,0.0015860148732950341,56638,13,18,77
Random Forest,0.19,0.8651685393258427,0.8105263157894737,0.8369565217391305,0.8208955223878674,0.9438144353841481,0.8101837108804693,0.9997881767312139,0.00021182326878607614,0.18947368421052632,0.001568392485813978,56639,12,18,77
Random Forest,0.2,0.8651685393258427,0.8105263157894737,0.8369565217391305,0.8208955223878674,0.9438144353841481,0.8101837108804693,0.9997881767312139,0.00021182326878607614,0.18947368421052632,0.001568392485813978,56639,12,18,77
Random Forest,0.21000000000000002,0.8735632183908046,0.8,0.8351648351648352,0.8137044967878192,0.9438144353841481,0.8101837108804693,0.9998058286702795,0.0001941713297205698,0.2,0.0015331477108518662,56640,11,19,76
Random Forest,0.22,0.8735632183908046,0.8,0.8351648351648352,0.8137044967878192,0.9438144353841481,0.8101837108804693,0.9998058286702795,0.0001941713297205698,0.2,0.0015331477108518662,56640,11,19,76
Random Forest,0.23,0.8941176470588236,0.8,0.8444444444444443,0.817204301075082,0.9438144353841481,0.8101837108804693,0.9998411325484104,0.00015886745158955713,0.2,0.0014979029358897543,56642,9,19,76
Random Forest,0.24000000000000002,0.9047619047619048,0.8,0.8491620111731844,0.8189655172411939,0.9438144353841481,0.8101837108804693,0.999858784487476,0.00014121551252405077,0.2,0.0014802805484086985,56643,8,19,76
Random Forest,0.25,0.9036144578313253,0.7894736842105263,0.8426966292134832,0.8099352051834015,0.9438144353841481,0.8101837108804693,0.999858784487476,0.00014121551252405077,0.21052631578947367,0.0014626581609276424,56643,8,20,75
Random Forest,0.26,0.9036144578313253,0.7894736842105263,0.8426966292134832,0.8099352051834015,0.9438144353841481,0.8101837108804693,0.999858784487476,0.00014121551252405077,0.21052631578947367,0.0014626581609276424,56643,8,20,75
Random Forest,0.27,0.9036144578313253,0.7894736842105263,0.8426966292134832,0.8099352051834015,0.9438144353841481,0.8101837108804693,0.999858784487476,0.00014121551252405077,0.21052631578947367,0.0014626581609276424,56643,8,20,75
Random Forest,0.28,0.9036144578313253,0.7894736842105263,0.8426966292134832,0.8099352051834015,0.9438144353841481,0.8101837108804693,0.999858784487476,0.00014121551252405077,0.21052631578947367,0.0014626581609276424,56643,8,20,75
Random Forest,0.29000000000000004,0.9036144578313253,0.7894736842105263,0.8426966292134832,0.8099352051834015,0.9438144353841481,0.8101837108804693,0.999858784487476,0.00014121551252405077,0.21052631578947367,0.0014626581609276424,56643,8,20,75
Random Forest,0.3,0.9024390243902439,0.7789473684210526,0.8361581920903954,0.8008658008656184,0.9438144353841481,0.8101837108804693,0.999858784487476,0.00014121551252405077,0.22105263157894736,0.0014450357734465866,56643,8,21,74
Random Forest,0.31,0.9024390243902439,0.7789473684210526,0.8361581920903954,0.8008658008656184,0.9438144353841481,0.8101837108804693,0.999858784487476,0.00014121551252405077,0.22105263157894736,0.0014450357734465866,56643,8,21,74
Random Forest,0.32,0.9012345679012346,0.7684210526315789,0.8295454545454545,0.791757049891359,0.9438144353841481,0.8101837108804693,0.999858784487476,0.00014121551252405077,0.23157894736842105,0.0014274133859655306,56643,8,22,73
Random Forest,0.33,0.9012345679012346,0.7684210526315789,0.8295454545454545,0.791757049891359,0.9438144353841481,0.8101837108804693,0.999858784487476,0.00014121551252405077,0.23157894736842105,0.0014274133859655306,56643,8,22,73
Random Forest,0.34,0.9012345679012346,0.7684210526315789,0.8295454545454545,0.791757049891359,0.9438144353841481,0.8101837108804693,0.999858784487476,0.00014121551252405077,0.23157894736842105,0.0014274133859655306,56643,8,22,73
Random Forest,0.35000000000000003,0.9240506329113924,0.7684210526315789,0.8390804597701149,0.7952069716773816,0.9438144353841481,0.8101837108804693,0.999894088365607,0.00010591163439303807,0.23157894736842105,0.0013921686110034187,56645,6,22,73
Random Forest,0.36000000000000004,0.9358974358974359,0.7684210526315789,0.8439306358381503,0.7969432314408714,0.9438144353841481,0.8101837108804693,0.9999117403046724,8.825969532753173e-05,0.23157894736842105,0.0013745462235223629,56646,5,22,73
Random Forest,0.37,0.9358974358974359,0.7684210526315789,0.8439306358381503,0.7969432314408714,0.9438144353841481,0.8101837108804693,0.9999117403046724,8.825969532753173e-05,0.23157894736842105,0.0013745462235223629,56646,5,22,73
Random Forest,0.38,0.935064935064935,0.7578947368421053,0.8372093023255814,0.7877461706781618,0.9438144353841481,0.8101837108804693,0.9999117403046724,8.825969532753173e-05,0.24210526315789474,0.0013569238360413068,56646,5,23,72
Random Forest,0.39,0.935064935064935,0.7578947368421053,0.8372093023255814,0.7877461706781618,0.9438144353841481,0.8101837108804693,0.9999117403046724,8.825969532753173e-05,0.24210526315789474,0.0013569238360413068,56646,5,23,72
Random Forest,0.4,0.935064935064935,0.7578947368421053,0.8372093023255814,0.7877461706781618,0.9438144353841481,0.8101837108804693,0.9999117403046724,8.825969532753173e-05,0.24210526315789474,0.0013569238360413068,56646,5,23,72
Random Forest,0.41000000000000003,0.9342105263157895,0.7473684210526316,0.8304093567251462,0.7785087719296511,0.9438144353841481,0.8101837108804693,0.9999117403046724,8.825969532753173e-05,0.25263157894736843,0.001339301448560251,56646,5,24,71
Random Forest,0.42000000000000004,0.9342105263157895,0.7473684210526316,0.8304093567251462,0.7785087719296511,0.9438144353841481,0.8101837108804693,0.9999117403046724,8.825969532753173e-05,0.25263157894736843,0.001339301448560251,56646,5,24,71
Random Forest,0.43,0.9342105263157895,0.7473684210526316,0.8304093567251462,0.7785087719296511,0.9438144353841481,0.8101837108804693,0.9999117403046724,8.825969532753173e-05,0.25263157894736843,0.001339301448560251,56646,5,24,71
Random Forest,0.44,0.9342105263157895,0.7473684210526316,0.8304093567251462,0.7785087719296511,0.9438144353841481,0.8101837108804693,0.9999117403046724,8.825969532753173e-05,0.25263157894736843,0.001339301448560251,56646,5,24,71
Random Forest,0.45,0.9466666666666667,0.7473684210526316,0.8352941176470587,0.7802197802196082,0.9438144353841481,0.8101837108804693,0.999929392243738,7.060775626202538e-05,0.25263157894736843,0.001321679061079195,56647,4,24,71
Random Forest,0.46,0.9459459459459459,0.7368421052631579,0.8284023668639052,0.770925110131988,0.9438144353841481,0.8101837108804693,0.999929392243738,7.060775626202538e-05,0.2631578947368421,0.0013040566735981391,56647,4,25,70
Random Forest,0.47000000000000003,0.9452054794520548,0.7263157894736842,0.8214285714285715,0.761589403973341,0.9438144353841481,0.8101837108804693,0.999929392243738,7.060775626202538e-05,0.2736842105263158,0.001286434286117083,56647,4,26,69
Random Forest,0.48000000000000004,0.9444444444444444,0.7157894736842105,0.81437125748503,0.7522123893803637,0.9438144353841481,0.8101837108804693,0.999929392243738,7.060775626202538e-05,0.28421052631578947,0.0012688118986360273,56647,4,27,68
Random Forest,0.49,0.9444444444444444,0.7157894736842105,0.81437125748503,0.7522123893803637,0.9438144353841481,0.8101837108804693,0.999929392243738,7.060775626202538e-05,0.28421052631578947,0.0012688118986360273,56647,4,27,68
Random Forest,0.5,0.9436619718309859,0.7052631578947368,0.8072289156626505,0.7427937915741135,0.9438144353841481,0.8101837108804693,0.999929392243738,7.060775626202538e-05,0.29473684210526313,0.0012511895111549712,56647,4,28,67
Random Forest,0.51,0.9436619718309859,0.7052631578947368,0.8072289156626505,0.7427937915741135,0.9438144353841481,0.8101837108804693,0.999929392243738,7.060775626202538e-05,0.29473684210526313,0.0012511895111549712,56647,4,28,67
Random Forest,0.52,0.9436619718309859,0.7052631578947368,0.8072289156626505,0.7427937915741135,0.9438144353841481,0.8101837108804693,0.999929392243738,7.060775626202538e-05,0.29473684210526313,0.0012511895111549712,56647,4,28,67
Random Forest,0.53,0.9436619718309859,0.7052631578947368,0.8072289156626505,0.7427937915741135,0.9438144353841481,0.8101837108804693,0.999929392243738,7.060775626202538e-05,0.29473684210526313,0.0012511895111549712,56647,4,28,67
Random Forest,0.54,0.9436619718309859,0.7052631578947368,0.8072289156626505,0.7427937915741135,0.9438144353841481,0.8101837108804693,0.999929392243738,7.060775626202538e-05,0.29473684210526313,0.0012511895111549712,56647,4,28,67
Random Forest,0.55,0.9436619718309859,0.7052631578947368,0.8072289156626505,0.7427937915741135,0.9438144353841481,0.8101837108804693,0.999929392243738,7.060775626202538e-05,0.29473684210526313,0.0012511895111549712,56647,4,28,67
Random Forest,0.56,0.9436619718309859,0.7052631578947368,0.8072289156626505,0.7427937915741135,0.9438144353841481,0.8101837108804693,0.999929392243738,7.060775626202538e-05,0.29473684210526313,0.0012511895111549712,56647,4,28,67
Random Forest,0.5700000000000001,0.9428571428571428,0.6947368421052632,0.7999999999999999,0.7333333333331691,0.9438144353841481,0.8101837108804693,0.999929392243738,7.060775626202538e-05,0.30526315789473685,0.0012335671236739154,56647,4,29,66
Random Forest,0.5800000000000001,0.9420289855072463,0.6842105263157895,0.7926829268292683,0.7238307349664298,0.9438144353841481,0.8101837108804693,0.999929392243738,7.060775626202538e-05,0.3157894736842105,0.0012159447361928593,56647,4,30,65
Random Forest,0.59,0.9420289855072463,0.6842105263157895,0.7926829268292683,0.7238307349664298,0.9438144353841481,0.8101837108804693,0.999929392243738,7.060775626202538e-05,0.3157894736842105,0.0012159447361928593,56647,4,30,65
Random Forest,0.6,0.9558823529411765,0.6842105263157895,0.7975460122699386,0.7254464285712676,0.9438144353841481,0.8101837108804693,0.9999470441828034,5.2955817196519035e-05,0.3157894736842105,0.0011983223487118035,56648,3,30,65
Random Forest,0.61,0.9552238805970149,0.6736842105263158,0.7901234567901234,0.7158836689036439,0.9438144353841481,0.8101837108804693,0.9999470441828034,5.2955817196519035e-05,0.3263157894736842,0.0011806999612307475,56648,3,31,64
Random Forest,0.62,0.9552238805970149,0.6736842105263158,0.7901234567901234,0.7158836689036439,0.9438144353841481,0.8101837108804693,0.9999470441828034,5.2955817196519035e-05,0.3263157894736842,0.0011806999612307475,56648,3,31,64
Random Forest,0.63,0.9696969696969697,0.6736842105263158,0.7950310559006212,0.7174887892375105,0.9438144353841481,0.8101837108804693,0.999964696121869,3.530387813101269e-05,0.3263157894736842,0.0011630775737496916,56649,2,31,64
Random Forest,0.64,0.9696969696969697,0.6736842105263158,0.7950310559006212,0.7174887892375105,0.9438144353841481,0.8101837108804693,0.999964696121869,3.530387813101269e-05,0.3263157894736842,0.0011630775737496916,56649,2,31,64
Random Forest,0.65,0.9696969696969697,0.6736842105263158,0.7950310559006212,0.7174887892375105,0.9438144353841481,0.8101837108804693,0.999964696121869,3.530387813101269e-05,0.3263157894736842,0.0011630775737496916,56649,2,31,64
Random Forest,0.66,0.9696969696969697,0.6736842105263158,0.7950310559006212,0.7174887892375105,0.9438144353841481,0.8101837108804693,0.999964696121869,3.530387813101269e-05,0.3263157894736842,0.0011630775737496916,56649,2,31,64
Random Forest,0.67,0.9696969696969697,0.6736842105263158,0.7950310559006212,0.7174887892375105,0.9438144353841481,0.8101837108804693,0.999964696121869,3.530387813101269e-05,0.3263157894736842,0.0011630775737496916,56649,2,31,64
Random Forest,0.68,0.9692307692307692,0.6631578947368421,0.7875,0.7078651685391698,0.9438144353841481,0.8101837108804693,0.999964696121869,3.530387813101269e-05,0.3368421052631579,0.0011454551862686356,56649,2,32,63
Random Forest,0.6900000000000001,0.9692307692307692,0.6631578947368421,0.7875,0.7078651685391698,0.9438144353841481,0.8101837108804693,0.999964696121869,3.530387813101269e-05,0.3368421052631579,0.0011454551862686356,56649,2,32,63
Random Forest,0.7000000000000001,0.9692307692307692,0.6631578947368421,0.7875,0.7078651685391698,0.9438144353841481,0.8101837108804693,0.999964696121869,3.530387813101269e-05,0.3368421052631579,0.0011454551862686356,56649,2,32,63
Random Forest,0.7100000000000001,0.9692307692307692,0.6631578947368421,0.7875,0.7078651685391698,0.9438144353841481,0.8101837108804693,0.999964696121869,3.530387813101269e-05,0.3368421052631579,0.0011454551862686356,56649,2,32,63
Random Forest,0.72,0.9692307692307692,0.6631578947368421,0.7875,0.7078651685391698,0.9438144353841481,0.8101837108804693,0.999964696121869,3.530387813101269e-05,0.3368421052631579,0.0011454551862686356,56649,2,32,63
Random Forest,0.73,0.96875,0.6526315789473685,0.779874213836478,0.698198198198044,0.9438144353841481,0.8101837108804693,0.999964696121869,3.530387813101269e-05,0.3473684210526316,0.0011278327987875798,56649,2,33,62
Random Forest,0.74,0.96875,0.6526315789473685,0.779874213836478,0.698198198198044,0.9438144353841481,0.8101837108804693,0.999964696121869,3.530387813101269e-05,0.3473684210526316,0.0011278327987875798,56649,2,33,62
Random Forest,0.75,0.96875,0.6526315789473685,0.779874213836478,0.698198198198044,0.9438144353841481,0.8101837108804693,0.999964696121869,3.530387813101269e-05,0.3473684210526316,0.0011278327987875798,56649,2,33,62
Random Forest,0.76,0.9682539682539683,0.6421052631578947,0.7721518987341772,0.6884875846499603,0.9438144353841481,0.8101837108804693,0.999964696121869,3.530387813101269e-05,0.35789473684210527,0.0011102104113065237,56649,2,34,61
Random Forest,0.77,0.9672131147540983,0.6210526315789474,0.7564102564102564,0.6689342403626629,0.9438144353841481,0.8101837108804693,0.999964696121869,3.530387813101269e-05,0.37894736842105264,0.0010749656363444118,56649,2,36,59
Random Forest,0.78,0.9833333333333333,0.6210526315789474,0.7612903225806452,0.6704545454543982,0.9438144353841481,0.8101837108804693,0.9999823480609344,1.7651939065506346e-05,0.37894736842105264,0.001057343248863356,56650,1,36,59
Random Forest,0.79,0.9830508474576272,0.6105263157894737,0.7532467532467533,0.6605922551251393,0.9438144353841481,0.8101837108804693,0.9999823480609344,1.7651939065506346e-05,0.3894736842105263,0.0010397208613823002,56650,1,37,58
Random Forest,0.8,0.9821428571428571,0.5789473684210527,0.7284768211920529,0.6307339449539885,0.9438144353841481,0.8101837108804693,0.9999823480609344,1.7651939065506346e-05,0.42105263157894735,0.0009868536989391323,56650,1,40,55
Random Forest,0.81,0.9821428571428571,0.5789473684210527,0.7284768211920529,0.6307339449539885,0.9438144353841481,0.8101837108804693,0.9999823480609344,1.7651939065506346e-05,0.42105263157894735,0.0009868536989391323,56650,1,40,55
Random Forest,0.8200000000000001,0.9814814814814815,0.5578947368421052,0.7114093959731543,0.6105990783408776,0.9438144353841481,0.8101837108804693,0.9999823480609344,1.7651939065506346e-05,0.4421052631578947,0.0009516089239770204,56650,1,42,53
Random Forest,0.8300000000000001,0.9811320754716981,0.5473684210526316,0.7027027027027027,0.6004618937642999,0.9438144353841481,0.8101837108804693,0.9999823480609344,1.7651939065506346e-05,0.45263157894736844,0.0009339865364959644,56650,1,43,52
Random Forest,0.8400000000000001,0.98,0.5157894736842106,0.6758620689655174,0.5697674418603367,0.9438144353841481,0.8101837108804693,0.9999823480609344,1.7651939065506346e-05,0.4842105263157895,0.0008811193740527966,56650,1,46,49
Random Forest,0.85,0.9791666666666666,0.49473684210526314,0.6573426573426573,0.5490654205606231,0.9438144353841481,0.8101837108804693,0.9999823480609344,1.7651939065506346e-05,0.5052631578947369,0.0008458745990906848,56650,1,48,47
Random Forest,0.86,0.9791666666666666,0.49473684210526314,0.6573426573426573,0.5490654205606231,0.9438144353841481,0.8101837108804693,0.9999823480609344,1.7651939065506346e-05,0.5052631578947369,0.0008458745990906848,56650,1,48,47
Random Forest,0.87,0.9787234042553191,0.4842105263157895,0.647887323943662,0.5386416861825473,0.9438144353841481,0.8101837108804693,0.9999823480609344,1.7651939065506346e-05,0.5157894736842106,0.0008282522116096288,56650,1,49,46
Random Forest,0.88,0.9777777777777777,0.4631578947368421,0.6285714285714286,0.517647058823411,0.9438144353841481,0.8101837108804693,0.9999823480609344,1.7651939065506346e-05,0.5368421052631579,0.0007930074366475171,56650,1,51,44
Random Forest,0.89,0.9767441860465116,0.4421052631578947,0.608695652173913,0.4964539007091057,0.9438144353841481,0.8101837108804693,0.9999823480609344,1.7651939065506346e-05,0.5578947368421052,0.0007577626616854052,56650,1,53,42
Random Forest,0.9,0.9761904761904762,0.43157894736842106,0.5985401459854014,0.485781990521215,0.9438144353841481,0.8101837108804693,0.9999823480609344,1.7651939065506346e-05,0.5684210526315789,0.0007401402742043492,56650,1,54,41
Random Forest,0.91,0.975609756097561,0.42105263157894735,0.5882352941176471,0.475059382422693,0.9438144353841481,0.8101837108804693,0.9999823480609344,1.7651939065506346e-05,0.5789473684210527,0.0007225178867232933,56650,1,55,40
Random Forest,0.92,0.9743589743589743,0.4,0.5671641791044776,0.45346062052495417,0.9438144353841481,0.8101837108804693,0.9999823480609344,1.7651939065506346e-05,0.6,0.0006872731117611814,56650,1,57,38
Random Forest,0.93,0.9736842105263158,0.3894736842105263,0.556390977443609,0.44258373205731283,0.9438144353841481,0.8101837108804693,0.9999823480609344,1.7651939065506346e-05,0.6105263157894737,0.0006696507242801255,56650,1,58,37
Random Forest,0.9400000000000001,0.9722222222222222,0.3684210526315789,0.5343511450381679,0.42067307692297806,0.9438144353841481,0.8101837108804693,0.9999823480609344,1.7651939065506346e-05,0.631578947368421,0.0006344059493180136,56650,1,60,35
Random Forest,0.9500000000000001,0.9722222222222222,0.3684210526315789,0.5343511450381679,0.42067307692297806,0.9438144353841481,0.8101837108804693,0.9999823480609344,1.7651939065506346e-05,0.631578947368421,0.0006344059493180136,56650,1,60,35
Random Forest,0.9600000000000001,0.96875,0.3263157894736842,0.4881889763779527,0.3762135922329202,0.9438144353841481,0.8101837108804693,0.9999823480609344,1.7651939065506346e-05,0.6736842105263158,0.0005639163993937899,56650,1,64,31
Random Forest,0.97,0.9615384615384616,0.2631578947368421,0.4132231404958677,0.3078817733989398,0.9438144353841481,0.8101837108804693,0.9999823480609344,1.7651939065506346e-05,0.7368421052631579,0.00045818207450745425,56650,1,70,25
Random Forest,0.98,1.0,0.17894736842105263,0.30357142857142855,0.21410579345083036,0.9438144353841481,0.8101837108804693,1.0,0.0,0.8210526315789474,0.0002995805871779509,56651,0,78,17
Random Forest,0.99,1.0,0.12631578947368421,0.22429906542056077,0.15306122448975878,0.9438144353841481,0.8101837108804693,1.0,0.0,0.8736842105263158,0.0002114686497726712,56651,0,83,12
Logistic Regression,0.01,0.0020764303070466093,0.9894736842105263,0.00414416400308608,0.010295728368007207,0.9615427423123484,0.5026199147426833,0.2025560007766853,0.7974439992233147,0.010526315789473684,0.7977654812674021,11475,45176,1,94
Logistic Regression,0.02,0.002466803128116307,0.9894736842105263,0.004921337137771263,0.012212233019787189,0.9615427423123484,0.5026199147426833,0.32901449224197277,0.6709855077580272,0.010526315789473684,0.6715186973531174,18639,38012,1,94
Logistic Regression,0.03,0.002765705254839984,0.9578947368421052,0.0055154857870173945,0.013670642670418244,0.9615427423123484,0.5026199147426833,0.4208045753826058,0.5791954246173943,0.042105263157894736,0.5798294152891834,23839,32812,4,91
Logistic Regression,0.04,0.003113985559319714,0.9578947368421052,0.00620779043590968,0.015370063844864747,0.9615427423123484,0.5026199147426833,0.4857637111436691,0.5142362888563309,0.042105263157894736,0.5149790293588975,27519,29132,4,91
Logistic Regression,0.05,0.00344618647277134,0.9578947368421052,0.0068676653711180705,0.01698648547747076,0.9615427423123484,0.5026199147426833,0.5354892234912005,0.4645107765087995,0.042105263157894736,0.46533676382476297,30336,26315,4,91
Logistic Regression,0.060000000000000005,0.003806734992679356,0.9578947368421052,0.007583333333333333,0.018735845171897567,0.9615427423123484,0.5026199147426833,0.5796367230940319,0.42036327690596814,0.042105263157894736,0.4212631727346421,32837,23814,4,91
Logistic Regression,0.06999999999999999,0.004173737559051507,0.9578947368421052,0.008311261302402046,0.020511202271989052,0.9615427423123484,0.5026199147426833,0.6167410990097262,0.38325890099027377,0.042105263157894736,0.38422091424946253,34939,21712,4,91
Logistic Regression,0.08,0.004550910182036408,0.9578947368421052,0.009058782539445523,0.022330192383173044,0.9615427423123484,0.5026199147426833,0.6486381529010962,0.35136184709890383,0.042105263157894736,0.35237726007119446,36746,19905,4,91
Logistic Regression,0.09,0.004934924078091106,0.9578947368421052,0.009819260857836524,0.024176408076489617,0.9615427423123484,0.5026199147426833,0.6761045700870241,0.32389542991297593,0.042105263157894736,0.3249568251506714,38302,18349,4,91
Logistic Regression,0.09999999999999999,0.005313868613138686,0.9578947368421052,0.010569105691056912,0.025992573550387622,0.9615427423123484,0.5026199147426833,0.6993168699581649,0.3006831300418351,0.042105263157894736,0.3017833856130829,39617,17034,4,91
Logistic Regression,0.11,0.005738066712907497,0.9578947368421052,0.011407797417575529,0.028018966685112143,0.9615427423123484,0.5026199147426833,0.721664224815096,0.27833577518490404,0.042105263157894736,0.27947344306206606,40883,15768,4,91
Logistic Regression,0.12,0.006162389110855286,0.9578947368421052,0.012245996501143858,0.03003895160754849,0.9615427423123484,0.5026199147426833,0.7409401422746289,0.25905985772537116,0.042105263157894736,0.26022979593275297,41975,14676,4,91
Logistic Regression,0.13,0.006586566299942096,0.9578947368421052,0.013083171590827402,0.03205128205124949,0.9615427423123484,0.5026199147426833,0.7577271363259254,0.2422728636740746,0.042105263157894736,0.24347090543826877,42926,13725,4,91
Logistic Regression,0.14,0.007031914071555521,0.9578947368421052,0.013961337833691316,0.03415659485020183,0.9615427423123484,0.5026199147426833,0.7731725830082434,0.22682741699175654,0.042105263157894736,0.22805131639234483,43801,12850,4,91
Logistic Regression,0.15000000000000002,0.007520661157024793,0.9578947368421052,0.014924149241492414,0.03645833333329643,0.9615427423123484,0.5026199147426833,0.7880178637623343,0.2119821362376657,0.042105263157894736,0.2132308885207768,44642,12009,4,91
Logistic Regression,0.16,0.008029647930821495,0.9578947368421052,0.01592579628981449,0.03884572696999406,0.9615427423123484,0.5026199147426833,0.8015569010255776,0.19844309897442233,0.042105263157894736,0.1997145173228069,45409,11242,4,91
Logistic Regression,0.17,0.008506262852869696,0.9578947368421052,0.016862781432409896,0.04107239573926171,0.9615427423123484,0.5026199147426833,0.8127658823321742,0.1872341176678258,0.042105263157894736,0.18852430127233638,46044,10607,4,91
Logistic Regression,0.18000000000000002,0.009040333796940195,0.9578947368421052,0.01791162287176459,0.04355734252341014,0.9615427423123484,0.5026199147426833,0.8239219078215742,0.1760780921784258,0.042105263157894736,0.17738695238430902,46676,9975,4,91
Logistic Regression,0.19,0.009595107549557148,0.9578947368421052,0.018999895604969202,0.04612733171122702,0.9615427423123484,0.5026199147426833,0.8341953363576989,0.16580466364230112,0.042105263157894736,0.16713072287033448,47258,9393,4,91
Logistic Regression,0.2,0.010161920714684533,0.9578947368421052,0.02011049723756906,0.04874129619705885,0.9615427423123484,0.5026199147426833,0.8435332121233517,0.15646678787664825,0.042105263157894736,0.15780847989285587,47787,8864,4,91
Logistic Regression,0.21000000000000002,0.010573308270676691,0.9473684210526315,0.020913210177762286,0.05060728744934158,0.9615427423123484,0.5026199147426833,0.8513353691903055,0.14866463080969444,0.05263157894736842,0.15000176223874812,48229,8422,5,90
Logistic Regression,0.22,0.010828103851359665,0.9263157894736842,0.02140598394551204,0.05172211120248575,0.9615427423123484,0.5026199147426833,0.8580960618523945,0.14190393814760552,0.07368421052631578,0.14321714305854158,48612,8039,7,88
Logistic Regression,0.23,0.011401917595231926,0.9263157894736842,0.022526558300268784,0.05433440355637778,0.9615427423123484,0.5026199147426833,0.8653157049301866,0.13468429506981341,0.07368421052631578,0.1360095865787897,49021,7630,7,88
Logistic Regression,0.24000000000000002,0.011787020728898524,0.9157894736842105,0.023274478330658106,0.056049478159972715,0.9615427423123484,0.5026199147426833,0.8712467564561968,0.1287532435438033,0.08421052631578947,0.13007084199767385,49357,7294,8,87
Logistic Regression,0.25,0.012347431166619358,0.9157894736842105,0.02436633524716426,0.05857796929700368,0.9615427423123484,0.5026199147426833,0.8771601560431413,0.12283984395685867,0.08421052631578947,0.1241673421915201,49692,6959,8,87
Logistic Regression,0.26,0.012927191679049033,0.9157894736842105,0.025494505494505493,0.06118143459909288,0.9615427423123484,0.5026199147426833,0.8827381687878414,0.11726183121215866,0.08421052631578947,0.11859866774750644,50008,6643,8,87
Logistic Regression,0.27,0.013534536403235844,0.9157894736842105,0.02667484286371302,0.06389541715622085,0.9615427423123484,0.5026199147426833,0.8880690543856242,0.11193094561437573,0.08421052631578947,0.11327670672822754,50310,6341,8,87
Logistic Regression,0.28,0.014183240952070427,0.9157894736842105,0.02793385776208059,0.0667792447036464,0.9615427423123484,0.5026199147426833,0.8932587244708832,0.10674127552911687,0.08421052631578947,0.10809572480879709,50604,6047,8,87
Logistic Regression,0.29000000000000004,0.014892160219103046,0.9157894736842105,0.029307731177362302,0.0699132111860421,0.9615427423123484,0.5026199147426833,0.898413090678011,0.10158690932198902,0.08421052631578947,0.10294998766432877,50896,5755,8,87
Logistic Regression,0.3,0.015502494654312188,0.9157894736842105,0.03048887331347468,0.0725967957275626,0.9615427423123484,0.5026199147426833,0.9024730366630774,0.09752696333692257,0.08421052631578947,0.0988968385436859,51126,5525,8,87
Logistic Regression,0.31,0.01623134328358209,0.9157894736842105,0.03189734188817599,0.07578397212535827,0.9615427423123484,0.5026199147426833,0.9069213253075851,0.09307867469241496,0.08421052631578947,0.09445599689845981,51378,5273,8,87
Logistic Regression,0.32,0.016929363689433742,0.9157894736842105,0.03324417271685136,0.07881862656270297,0.9615427423123484,0.5026199147426833,0.910822403841062,0.08917759615893806,0.08421052631578947,0.09056144926514645,51599,5052,8,87
Logistic Regression,0.33,0.0177153329260843,0.9157894736842105,0.034758290051937674,0.08221508221499889,0.9615427423123484,0.5026199147426833,0.9148470459479974,0.08515295405200261,0.08421052631578947,0.08654354491946568,51827,4824,8,87
Logistic Regression,0.34,0.018459579885423297,0.9157894736842105,0.03618968386023294,0.08541134891018269,0.9615427423123484,0.5026199147426833,0.9183421298829676,0.08165787011703235,0.08421052631578947,0.08305431219821661,52025,4626,8,87
Logistic Regression,0.35000000000000003,0.019158775600088086,0.9157894736842105,0.03753235547886109,0.08839666734394669,0.9615427423123484,0.5026199147426833,0.9213782634022347,0.07862173659776527,0.08421052631578947,0.08002326155147499,52197,4454,8,87
Logistic Regression,0.36000000000000004,0.01997245179063361,0.9157894736842105,0.039092338800269605,0.09184966216206993,0.9615427423123484,0.5026199147426833,0.9246438721293534,0.07535612787064659,0.08421052631578947,0.07676311986747965,52382,4269,8,87
Logistic Regression,0.37,0.020773638968481375,0.9157894736842105,0.04062572962876489,0.09522767075296945,0.9615427423123484,0.5026199147426833,0.9276093978923585,0.07239060210764152,0.08421052631578947,0.07380255877066225,52550,4101,8,87
Logistic Regression,0.38,0.02158273381294964,0.9157894736842105,0.04217159476490548,0.09861709362946405,0.9615427423123484,0.5026199147426833,0.930380752325643,0.06961924767435702,0.08421052631578947,0.07103584393613646,52707,3944,8,87
Logistic Regression,0.39,0.02238229997427322,0.9157894736842105,0.043696634856855855,0.10194516053423185,0.9615427423123484,0.5026199147426833,0.9329226315510759,0.06707736844892412,0.08421052631578947,0.06849822013886442,52851,3800,8,87
Logistic Regression,0.4,0.02329941081949652,0.9157894736842105,0.045442674327500654,0.10573650947972017,0.9615427423123484,0.5026199147426833,0.9356233782280984,0.06437662177190165,0.08421052631578947,0.06580199485426286,53004,3647,8,87
Logistic Regression,0.41000000000000003,0.024133148404993063,0.9157894736842105,0.047027027027027025,0.1091593475532171,0.9615427423123484,0.5026199147426833,0.9379004783675486,0.062099521632451325,0.08421052631578947,0.06352870686920664,53133,3518,8,87
Logistic Regression,0.42000000000000004,0.025050388712928303,0.9157894736842105,0.04876681614349775,0.11289903970920626,0.9615427423123484,0.5026199147426833,0.9402305343241956,0.05976946567580449,0.08421052631578947,0.06120255172170726,53265,3386,8,87
Logistic Regression,0.43,0.025885153228205893,0.9157894736842105,0.05034722222222223,0.11627906976732778,0.9615427423123484,0.5026199147426833,0.9422075514995322,0.057792448500467775,0.08421052631578947,0.059228844323828994,53377,3274,8,87
Logistic Regression,0.44,0.027001862197392923,0.9157894736842105,0.05245703949351824,0.1207662409771169,0.9615427423123484,0.5026199147426833,0.9446611710296376,0.055338828970362394,0.08421052631578947,0.05677933246396222,53516,3135,8,87
Logistic Regression,0.45,0.027511196417146513,0.9052631578947369,0.05339956535237504,0.12264689104380387,0.9615427423123484,0.5026199147426833,0.9463381052408607,0.053661894759139295,0.09473684210526316,0.05508758326578085,53611,3040,9,86
Logistic Regression,0.46,0.028514588859416445,0.9052631578947369,0.05528768884603021,0.1266195524144812,0.9615427423123484,0.5026199147426833,0.9482798185380664,0.05172018146193359,0.09473684210526316,0.05314912064286469,53721,2930,9,86
Logistic Regression,0.47000000000000003,0.029259896729776247,0.8947368421052632,0.05666666666666667,0.1293759512936316,0.9615427423123484,0.5026199147426833,0.9502215318352721,0.0497784681647279,0.10526315789473684,0.051193035632467486,53831,2820,10,85
Logistic Regression,0.48000000000000004,0.029791816223977027,0.8736842105263158,0.05761888233252343,0.13108022741616615,0.9615427423123484,0.5026199147426833,0.9522868087059363,0.04771319129406365,0.12631578947368421,0.04909597152222183,53948,2703,12,83
Logistic Regression,0.49,0.030843552582683016,0.8736842105263158,0.05958363244795405,0.13513513513499958,0.9615427423123484,0.5026199147426833,0.9539637429171595,0.04603625708284055,0.12631578947368421,0.04742184471152152,54043,2608,12,83
Logistic Regression,0.5,0.03180760279286268,0.8631578947368421,0.0613542835765058,0.13860716700459297,0.9615427423123484,0.5026199147426833,0.9559407600924962,0.044059239907503836,0.1368421052631579,0.045430514926162194,54155,2496,13,82
Logistic Regression,0.51,0.03286573146292585,0.8631578947368421,0.06332046332046332,0.14260869565203055,0.9615427423123484,0.5026199147426833,0.9574058710349332,0.04259412896506681,0.1368421052631579,0.043967856765234556,54238,2413,13,82
Logistic Regression,0.52,0.03410981697171381,0.8631578947368421,0.06562625050020009,0.1472701149423814,0.9615427423123484,0.5026199147426833,0.9590121974898943,0.04098780251010573,0.1368421052631579,0.04236421950445846,54329,2322,13,82
Logistic Regression,0.53,0.03552859618717504,0.8631578947368421,0.06824802330420307,0.15252976190461018,0.9615427423123484,0.5026199147426833,0.9607067836401829,0.039293216359817126,0.1368421052631579,0.040672470306277096,54425,2226,13,82
Logistic Regression,0.54,0.03668903803131991,0.8631578947368421,0.0703862660944206,0.15678776290615448,0.9615427423123484,0.5026199147426833,0.9619953751919649,0.03800462480803516,0.1368421052631579,0.03938603602016001,54498,2153,13,82
Logistic Regression,0.55,0.03821062441752097,0.8631578947368421,0.07318161535029005,0.1623119556609645,0.9615427423123484,0.5026199147426833,0.9635663977687949,0.0364336022312051,0.1368421052631579,0.03781764353434603,54587,2064,13,82
Logistic Regression,0.56,0.03970944309927361,0.8631578947368421,0.07592592592592592,0.16768916155402813,0.9615427423123484,0.5026199147426833,0.9649962048331009,0.03500379516689908,0.1368421052631579,0.036390230148380505,54668,1983,13,82
Logistic Regression,0.5700000000000001,0.04076497232008052,0.8526315789473684,0.07780979827089336,0.1711026615967897,0.9615427423123484,0.5026199147426833,0.966355404141145,0.0336445958588551,0.14736842105263157,0.03501568392485814,54745,1906,14,81
Logistic Regression,0.5800000000000001,0.04254201680672269,0.8526315789473684,0.08104052026013008,0.17732049036760247,0.9615427423123484,0.5026199147426833,0.9678205150835819,0.03217948491641807,0.14736842105263157,0.033553025763930495,54828,1823,14,81
Logistic Regression,0.59,0.04423812124522119,0.8526315789473684,0.08411214953271028,0.18317503392112466,0.9615427423123484,0.5026199147426833,0.9691091066353639,0.030890893364636105,0.14736842105263157,0.03226659147781341,54901,1750,14,81
Logistic Regression,0.6,0.04604889141557703,0.8526315789473684,0.08737864077669905,0.18934081346405296,0.9615427423123484,0.5026199147426833,0.9703800462480804,0.02961995375191965,0.14736842105263157,0.030997779579177386,54973,1678,14,81
Logistic Regression,0.61,0.047957371225577264,0.8526315789473684,0.09080717488789238,0.19574673755418667,0.9615427423123484,0.5026199147426833,0.9716156819826658,0.028384318017334206,0.14736842105263157,0.02976421245550347,55043,1608,14,81
Logistic Regression,0.62,0.04981549815498155,0.8526315789473684,0.09413131900058107,0.20189431704866148,0.9615427423123484,0.5026199147426833,0.9727277541437926,0.027272245856207303,0.14736842105263157,0.02865400204419695,55106,1545,14,81
Logistic Regression,0.63,0.05169112954690491,0.8526315789473684,0.09747292418772563,0.2080123266561981,0.9615427423123484,0.5026199147426833,0.9737692185486576,0.02623078145134243,0.14736842105263157,0.027614281182814646,55165,1486,14,81
Logistic Regression,0.64,0.05371352785145889,0.8526315789473684,0.10106051154086089,0.2145127118642058,0.9615427423123484,0.5026199147426833,0.9748106829535225,0.025189317046477557,0.14736842105263157,0.026574560321432347,55224,1427,14,81
Logistic Regression,0.65,0.055823569951757405,0.8526315789473684,0.10478654592496765,0.2211906062259003,0.9615427423123484,0.5026199147426833,0.9758168434802563,0.024183156519743693,0.14736842105263157,0.02557008423501216,55281,1370,14,81
Logistic Regression,0.66,0.05765124555160142,0.8526315789473684,0.108,0.22689075630231154,0.9615427423123484,0.5026199147426833,0.9766288326772696,0.023371167322730403,0.14736842105263157,0.024759454410883588,55327,1324,14,81
Logistic Regression,0.67,0.0598669623059867,0.8526315789473684,0.11187845303867404,0.23369878822829143,0.9615427423123484,0.5026199147426833,0.9775467335086759,0.02245326649132407,0.14736842105263157,0.023843090261868677,55379,1272,14,81
Logistic Regression,0.68,0.06245181187355436,0.8526315789473684,0.1163793103448276,0.2415026833629294,0.9615427423123484,0.5026199147426833,0.9785352420963442,0.021464757903655717,0.14736842105263157,0.022856236562929545,55435,1216,14,81
Logistic Regression,0.6900000000000001,0.06516492357200322,0.8526315789473684,0.1210762331838565,0.24953789279090338,0.9615427423123484,0.5026199147426833,0.9794884468058817,0.020511553194118372,0.14736842105263157,0.021904627638952526,55489,1162,14,81
Logistic Regression,0.7000000000000001,0.06801007556675064,0.8526315789473684,0.12597200622083982,0.2577975811582685,0.9615427423123484,0.5026199147426833,0.980406347637288,0.019593652362712044,0.14736842105263157,0.02098826348993762,55541,1110,14,81
Logistic Regression,0.7100000000000001,0.0715547703180212,0.8526315789473684,0.13202933985330073,0.26785714285690765,0.9615427423123484,0.5026199147426833,0.9814478120421528,0.01855218795784717,0.14736842105263157,0.019948542628555315,55600,1051,14,81
Logistic Regression,0.72,0.07534883720930233,0.8526315789473684,0.13846153846153844,0.2783505154636763,0.9615427423123484,0.5026199147426833,0.9824539725688867,0.017546027431113307,0.14736842105263157,0.018944066542135127,55657,994,14,81
Logistic Regression,0.73,0.0791015625,0.8526315789473684,0.1447721179624665,0.2884615384612917,0.9615427423123484,0.5026199147426833,0.9833542214612275,0.016645778538772485,0.14736842105263157,0.018045324780601276,55708,943,14,81
Logistic Regression,0.74,0.08240081383519837,0.8526315789473684,0.150278293135436,0.29713866470994676,0.9615427423123484,0.5026199147426833,0.9840779509629133,0.015922049037086723,0.14736842105263157,0.01732280689387798,55749,902,14,81
Logistic Regression,0.75,0.08635394456289978,0.8526315789473684,0.15682478218780252,0.30728376327743695,0.9615427423123484,0.5026199147426833,0.984872288220861,0.015127711779138938,0.14736842105263157,0.016529799457230467,55794,857,14,81
Logistic Regression,0.76,0.09142212189616253,0.8526315789473684,0.1651376146788991,0.3199052132698796,0.9615427423123484,0.5026199147426833,0.9857901890522673,0.01420981094773261,0.14736842105263157,0.015613435308215557,55846,805,14,81
Logistic Regression,0.77,0.09747292418772563,0.8526315789473684,0.17494600431965443,0.33443435177512304,0.9615427423123484,0.5026199147426833,0.9867610457008702,0.01323895429912976,0.14736842105263157,0.01464420399675748,55901,750,14,81
Logistic Regression,0.78,0.1011378002528445,0.8421052631578947,0.18058690744920994,0.3415883859946021,0.9615427423123484,0.5026199147426833,0.987449471324425,0.012550528675575013,0.15789473684210525,0.013939308497515243,55940,711,15,80
Logistic Regression,0.79,0.10610079575596817,0.8421052631578947,0.18845700824499412,0.3527336860667409,0.9615427423123484,0.5026199147426833,0.9881025930698487,0.011897406930151276,0.15789473684210525,0.013287280160716173,55977,674,15,80
Logistic Regression,0.8,0.11157601115760112,0.8421052631578947,0.19704433497536947,0.36463081130327213,0.9615427423123484,0.5026199147426833,0.9887557148152725,0.011244285184727542,0.15789473684210525,0.012635251823917105,56014,637,15,80
Logistic Regression,0.81,0.12084592145015106,0.8421052631578947,0.21136063408190228,0.3838771593087315,0.9615427423123484,0.5026199147426833,0.9897265714638753,0.010273428536124693,0.15789473684210525,0.011666020512459028,56069,582,15,80
Logistic Regression,0.8200000000000001,0.12924071082390953,0.8421052631578947,0.22408963585434175,0.40040040040010577,0.9615427423123484,0.5026199147426833,0.9904856048436921,0.00951439515630792,0.15789473684210525,0.010908257850773623,56112,539,15,80
Logistic Regression,0.8300000000000001,0.1391304347826087,0.8421052631578947,0.23880597014925373,0.4188481675389676,0.9615427423123484,0.5026199147426833,0.9912622901625744,0.00873770983742564,0.15789473684210525,0.010132872801607162,56156,495,15,80
Logistic Regression,0.8400000000000001,0.14416058394160583,0.8315789473684211,0.24572317262830481,0.4256465517238356,0.9615427423123484,0.5026199147426833,0.9917212405782775,0.008278759421722477,0.16842105263157894,0.009657068339618652,56182,469,16,79
Logistic Regression,0.85,0.1491395793499044,0.8210526315789474,0.2524271844660194,0.43189368770733655,0.9615427423123484,0.5026199147426833,0.9921448871158497,0.007855112884150323,0.17894736842105263,0.009216508652592253,56206,445,17,78
Logistic Regression,0.86,0.1598360655737705,0.8210526315789474,0.26758147512864494,0.44930875576006096,0.9615427423123484,0.5026199147426833,0.9927627049831425,0.007237295016857602,0.17894736842105263,0.008599725090755295,56241,410,17,78
Logistic Regression,0.87,0.16594827586206898,0.8105263157894737,0.2754919499105546,0.45616113744044884,0.9615427423123484,0.5026199147426833,0.993168699581649,0.006831300418350956,0.18947368421052632,0.008176787791209953,56264,387,18,77
Logistic Regression,0.88,0.18181818181818182,0.8,0.2962962962962963,0.4761904761901644,0.9615427423123484,0.5026199147426833,0.9939630368395969,0.00603696316040317,0.2,0.00736615796708138,56309,342,19,76
Logistic Regression,0.89,0.19843342036553524,0.8,0.3179916317991632,0.49803407601541483,0.9615427423123484,0.5026199147426833,0.9945808547068895,0.0054191452931104485,0.2,0.006749374405244423,56344,307,19,76
Logistic Regression,0.9,0.21902017291066284,0.8,0.3438914027149321,0.5226960110038147,0.9615427423123484,0.5026199147426833,0.9952163245132478,0.0047836754867522195,0.2,0.006114968455926409,56380,271,19,76
Logistic Regression,0.91,0.2331288343558282,0.8,0.36104513064133015,0.5382436260620123,0.9615427423123484,0.5026199147426833,0.9955870152336234,0.004412984766376586,0.2,0.005744898318824234,56401,250,19,76
Logistic Regression,0.92,0.2613240418118467,0.7894736842105263,0.39267015706806285,0.5622188905544162,0.9615427423123484,0.5026199147426833,0.9962577889181127,0.0037422110818873455,0.21052631578947367,0.005057625207063053,56439,212,20,75
Logistic Regression,0.93,0.2835249042145594,0.7789473684210526,0.4157303370786517,0.5772230889232552,0.9615427423123484,0.5026199147426833,0.9966990873947503,0.0033009126052496868,0.22105263157894736,0.004599443132555598,56464,187,21,74
Logistic Regression,0.9400000000000001,0.29957805907172996,0.7473684210526316,0.42771084337349397,0.575364667746868,0.9615427423123484,0.5026199147426833,0.997069778115126,0.0029302218848740536,0.25263157894736843,0.004176505833010256,56485,166,24,71
Logistic Regression,0.9500000000000001,0.33658536585365856,0.7263157894736842,0.46,0.5897435897433052,0.9615427423123484,0.5026199147426833,0.9975993362870912,0.002400663712908863,0.2736842105263158,0.0036125894336164663,56515,136,26,69
Logistic Regression,0.9600000000000001,0.3770491803278688,0.7263157894736842,0.49640287769784175,0.6127886323265463,0.9615427423123484,0.5026199147426833,0.9979876789465323,0.0020123210534677234,0.2736842105263158,0.003224896909033236,56537,114,26,69
Logistic Regression,0.97,0.4024390243902439,0.6947368421052632,0.5096525096525096,0.6066176470585604,0.9615427423123484,0.5026199147426833,0.9982701099715804,0.001729890028419622,0.30526315789473685,0.0028900715468931732,56553,98,29,66
Logistic Regression,0.98,0.472,0.6210526315789474,0.5363636363636363,0.5841584158413513,0.9615427423123484,0.5026199147426833,0.9988349720216766,0.001165027978323419,0.37894736842105264,0.002202798435131992,56585,66,36,59
Logistic Regression,0.99,0.5473684210526316,0.5473684210526316,0.5473684210526316,0.5473684210524316,0.9615427423123484,0.5026199147426833,0.9992409666201832,0.0007590333798167729,0.45263157894736844,0.0016741268107003137,56608,43,43,52
