mean_fit_time,std_fit_time,mean_score_time,std_score_time,param_subsample,param_scale_pos_weight,param_learning_rate,param_l2_leaf_reg,param_iterations,param_depth,params,split0_test_roc_auc,split1_test_roc_auc,split2_test_roc_auc,mean_test_roc_auc,std_test_roc_auc,rank_test_roc_auc,split0_train_roc_auc,split1_train_roc_auc,split2_train_roc_auc,mean_train_roc_auc,std_train_roc_auc,split0_test_average_precision,split1_test_average_precision,split2_test_average_precision,mean_test_average_precision,std_test_average_precision,rank_test_average_precision,split0_train_average_precision,split1_train_average_precision,split2_train_average_precision,mean_train_average_precision,std_train_average_precision,split0_test_recall,split1_test_recall,split2_test_recall,mean_test_recall,std_test_recall,rank_test_recall,split0_train_recall,split1_train_recall,split2_train_recall,mean_train_recall,std_train_recall,split0_test_precision,split1_test_precision,split2_test_precision,mean_test_precision,std_test_precision,rank_test_precision,split0_train_precision,split1_train_precision,split2_train_precision,mean_train_precision,std_train_precision,split0_test_f1,split1_test_f1,split2_test_f1,mean_test_f1,std_test_f1,rank_test_f1,split0_train_f1,split1_train_f1,split2_train_f1,mean_train_f1,std_train_f1,Model,Search Time (s),param_reg_lambda,param_reg_alpha,param_n_estimators,param_min_child_weight,param_max_depth,param_gamma,param_colsample_bytree,param_solver,param_penalty,param_C,param_min_samples_split,param_min_samples_leaf,param_max_features,param_class_weight
12.87675674756368,1.2215702747568205,0.21000146865844727,0.04062841807430307,0.9,599.4761904761905,0.1,7,400,5,"{'subsample': 0.9, 'scale_pos_weight': 599.4761904761905, 'learning_rate': 0.1, 'l2_leaf_reg': 7, 'iterations': 400, 'depth': 5}",0.9759321837558749,0.9479281686256896,0.9703107931393201,0.9647237151736282,0.012095944113598604,11,0.9999585868031257,0.9999761236842555,0.9999833277450404,0.9999726794108071,1.0389925132777795e-05,0.8480310958544278,0.7994878614390416,0.7992922807207952,0.8156037460047548,0.022929737993257447,5,0.9691450940960495,0.9826619913508684,0.9882614596596513,0.9800228483688564,0.008024240975525017,0.84,0.8118811881188119,0.8316831683168316,0.8278547854785478,0.011794328630596422,5,1.0,1.0,1.0,1.0,0.0,0.7368421052631579,0.8118811881188119,0.8316831683168316,0.7934688205662671,0.040849057675424495,5,0.8595744680851064,0.8305785123966942,0.8589743589743589,0.8497091131520532,0.013529595871813913,0.7850467289719626,0.8118811881188119,0.8316831683168316,0.809537028469202,0.01911126512538363,5,0.9244851258581235,0.90744920993228,0.9241379310344827,0.9186907556082954,0.007950236807829338,CatBoost,522.6100668907166,,,,,,,,,,,,,,
12.893680413564047,0.6919911906726977,0.13501222928365073,0.004560472934051233,0.8,899.2142857142858,0.1,1,400,6,"{'subsample': 0.8, 'scale_pos_weight': 899.2142857142858, 'learning_rate': 0.1, 'l2_leaf_reg': 1, 'iterations': 400, 'depth': 6}",0.9770844641556894,0.9514506252286737,0.9704274546474292,0.9663208480105974,0.01086037409074226,10,0.9999975422435089,0.9999979416969186,0.9999971183756861,0.9999975341053712,3.361687422959327e-07,0.8567703294132312,0.8049724504594933,0.7925605130127856,0.8181010976285034,0.027808825492530227,4,0.998351305794591,0.9986125806763795,0.9978897717217856,0.9982845527309188,0.0002988368282106439,0.85,0.801980198019802,0.8217821782178217,0.8245874587458745,0.01970410354359653,6,1.0,1.0,1.0,1.0,0.0,0.7657657657657657,0.8709677419354839,0.8217821782178217,0.8195052286396903,0.04297869489285361,4,0.9140271493212669,0.9095022624434389,0.9305555555555556,0.9180283224400871,0.009048658370581867,0.8056872037914692,0.8350515463917527,0.8217821782178217,0.8208403094670146,0.012006428601503914,3,0.9550827423167849,0.9526066350710901,0.9640287769784173,0.9572393847887642,0.004906095630385949,CatBoost,522.6100668907166,,,,,,,,,,,,,,
7.485562721888225,0.38417999670195385,0.1577018896738688,0.0378338642257156,0.9,599.4761904761905,0.05,3,200,6,"{'subsample': 0.9, 'scale_pos_weight': 599.4761904761905, 'learning_rate': 0.05, 'l2_leaf_reg': 3, 'iterations': 200, 'depth': 6}",0.9792313166081948,0.9647239849342805,0.9828152027640913,0.9755901681021889,0.007821615880515928,3,0.9998755146337279,0.9999028480945568,0.9999052357261313,0.9998945328181387,1.348316727985491e-05,0.7803217004335589,0.7469410223903205,0.7383637879189408,0.7552088369142734,0.018099432282034922,8,0.8966381295602753,0.9271732938673248,0.9176611755074433,0.9138241996450146,0.01275776502478062,0.84,0.801980198019802,0.8217821782178217,0.8212541254125413,0.015526009692925809,8,1.0,1.0,1.0,1.0,0.0,0.6614173228346457,0.81,0.7094017094017094,0.7269396774121185,0.06191331698354065,8,0.7859922178988327,0.7584905660377359,0.8007968127490039,0.7817598655618575,0.017528818793192992,0.7400881057268722,0.8059701492537314,0.761467889908257,0.7691753816296202,0.027442849539784864,8,0.8801742919389979,0.8626609442060086,0.8893805309734513,0.8774052557061527,0.011082561391658884,CatBoost,522.6100668907166,,,,,,,,,,,,,,
6.783009608586629,0.09225932886696175,0.1293482780456543,0.00973457331464995,0.7,899.2142857142858,0.05,1,200,6,"{'subsample': 0.7, 'scale_pos_weight': 899.2142857142858, 'learning_rate': 0.05, 'l2_leaf_reg': 1, 'iterations': 200, 'depth': 6}",0.9779418481498643,0.9625069247289134,0.9809037236157793,0.9737841654981857,0.008065370257878195,5,0.9998737122789678,0.9998985874071782,0.9999204671689338,0.9998975889516933,1.910065651487862e-05,0.7288128473263479,0.7437096601634862,0.7519250276219372,0.7414825117039238,0.009566028859098422,9,0.8911149981927443,0.9227573453283151,0.9371541577823548,0.9170088337678047,0.019229926205446835,0.85,0.7920792079207921,0.8217821782178217,0.8212871287128712,0.02364865527226965,7,1.0,1.0,1.0,1.0,0.0,0.6343283582089553,0.7547169811320755,0.7155172413793104,0.7015208602401137,0.05013501202470886,9,0.7829457364341085,0.7730769230769231,0.7790697674418605,0.7783641423176307,0.004059704371970808,0.7264957264957265,0.7729468599033816,0.7649769585253456,0.7548065149748179,0.02028144291751777,9,0.8782608695652173,0.8720173535791758,0.8758169934640523,0.8753650722028151,0.0025688580584581114,CatBoost,522.6100668907166,,,,,,,,,,,,,,
8.41846219698588,0.29467518203304294,0.15801533063252768,0.04195140150457747,0.7,299.73809523809524,0.08,1,200,7,"{'subsample': 0.7, 'scale_pos_weight': 299.73809523809524, 'learning_rate': 0.08, 'l2_leaf_reg': 1, 'iterations': 200, 'depth': 7}",0.974847421725028,0.9464187784393148,0.9709548891904102,0.9640736964515844,0.012584648052242983,12,1.0,1.0,1.0,1.0,0.0,0.858486438110757,0.7957407737159518,0.8074038767175381,0.8205436961814155,0.027248801095875182,3,1.0,0.9999999999999999,1.0,1.0,6.409875621278546e-17,0.83,0.7722772277227723,0.8118811881188119,0.8047194719471946,0.02410321200911161,11,1.0,1.0,1.0,1.0,0.0,0.8645833333333334,0.8863636363636364,0.8541666666666666,0.868371212121212,0.013414475606613501,1,0.9439252336448598,0.9481132075471698,0.9481132075471698,0.9467172162463998,0.001974229830503774,0.8469387755102041,0.8253968253968254,0.83248730964467,0.8349409701838998,0.00896397386591294,1,0.9711538461538461,0.973365617433414,0.973365617433414,0.9726283603402247,0.0010426389801440458,CatBoost,522.6100668907166,,,,,,,,,,,,,,
10.455364465713501,0.15507428357332684,0.13933563232421875,0.005249957474548543,0.7,299.73809523809524,0.05,1,200,8,"{'subsample': 0.7, 'scale_pos_weight': 299.73809523809524, 'learning_rate': 0.05, 'l2_leaf_reg': 1, 'iterations': 200, 'depth': 8}",0.9796733302442576,0.9500885365813296,0.9821814292902639,0.9706477653719504,0.014573584700980078,8,1.0,0.9999978181987337,0.9999998353357535,0.9999992178448291,9.919796613436487e-07,0.8598866421324474,0.7965821239948002,0.8107483816870721,0.8224057159381065,0.02712668533062576,2,1.0,0.9985379563552519,0.9999007425619115,0.9994795663057211,0.0006670507146491935,0.82,0.7623762376237624,0.7722772277227723,0.7848844884488448,0.025157262236574312,12,1.0,1.0,1.0,1.0,0.0,0.8118811881188119,0.8651685393258427,0.8666666666666667,0.8479054647037737,0.025480351567233182,2,0.9223744292237442,0.9220183486238532,0.9481132075471698,0.9308353284649225,0.012218170281292127,0.8159203980099502,0.8105263157894738,0.8167539267015707,0.8144002135003315,0.002760314610762146,4,0.9596199524940617,0.9594272076372314,0.973365617433414,0.964137592521569,0.00652567342502834,CatBoost,522.6100668907166,,,,,,,,,,,,,,
17.036078691482544,0.9141281045804083,0.19772624969482422,0.049546996354304984,0.8,899.2142857142858,0.1,5,700,4,"{'subsample': 0.8, 'scale_pos_weight': 899.2142857142858, 'learning_rate': 0.1, 'l2_leaf_reg': 5, 'iterations': 700, 'depth': 4}",0.967952439266565,0.9586728246028633,0.974638902320073,0.9670880553965006,0.006546718212158718,9,0.999953794177968,0.9999668201543275,0.9999790464746311,0.9999665536023089,1.031092977293989e-05,0.8366319807431565,0.7974782634270983,0.7904190554180495,0.8081764331961013,0.02032644819081433,6,0.9638892555879064,0.9757816675255048,0.9848894645125216,0.9748534625419776,0.008598386169817193,0.86,0.8118811881188119,0.8316831683168316,0.8345214521452146,0.01974667745102343,4,1.0,1.0,1.0,1.0,0.0,0.688,0.7735849056603774,0.7567567567567568,0.7394472208057113,0.037021696749827915,7,0.8523206751054853,0.804,0.8170731707317073,0.8244646152790641,0.020407465954644374,0.7644444444444444,0.7922705314009663,0.7924528301886792,0.7830559353446965,0.013160521857931247,7,0.9202733485193622,0.8913525498891353,0.8993288590604027,0.9036515858229667,0.012196109307216891,CatBoost,522.6100668907166,,,,,,,,,,,,,,
7.908617893854777,0.30516994779857265,0.14716553688049316,0.01033629306329636,0.9,599.4761904761905,0.05,9,200,6,"{'subsample': 0.9, 'scale_pos_weight': 599.4761904761905, 'learning_rate': 0.05, 'l2_leaf_reg': 9, 'iterations': 200, 'depth': 6}",0.9798429535976699,0.9648689925672528,0.9844502662323757,0.9763874041324329,0.008359114234061523,2,0.9998492985644899,0.9998717677180272,0.9998797539339832,0.9998669400721667,1.2893461034154513e-05,0.7100394667112887,0.704440795392606,0.7062652298394279,0.7069151639811077,0.0023313931350233273,10,0.836222346322194,0.8930158612672061,0.8918786785164916,0.8737056287019639,0.026508748739781558,0.88,0.8118811881188119,0.8217821782178217,0.8378877887788779,0.03005091403695263,2,1.0,1.0,1.0,1.0,0.0,0.5827814569536424,0.6949152542372882,0.6693548387096774,0.6490171833002026,0.047984110522674386,10,0.7318840579710145,0.6907216494845361,0.7472118959107806,0.7232725344554437,0.02385240362827026,0.701195219123506,0.7488584474885844,0.7377777777777778,0.729277148129956,0.02036567967361549,10,0.8451882845188284,0.8170731707317073,0.8553191489361701,0.8391935347289019,0.016179029245434344,CatBoost,522.6100668907166,,,,,,,,,,,,,,
11.421288251876831,0.5139727303094849,0.13923907279968262,0.0077074819250548,0.7,899.2142857142858,0.03,9,400,4,"{'subsample': 0.7, 'scale_pos_weight': 899.2142857142858, 'learning_rate': 0.03, 'l2_leaf_reg': 9, 'iterations': 400, 'depth': 4}",0.9817260210498444,0.9694604093934143,0.9877333373531307,0.9796399225987965,0.007604333374940257,1,0.9998062468632883,0.9997913703996669,0.9998025675684298,0.9998000616104616,6.3265135987753925e-06,0.6812020512110651,0.6472367664213394,0.6374002843633245,0.655279700665243,0.018764599439454695,12,0.8077522135581177,0.7922708817561996,0.7835036998611874,0.7945089317251682,0.01002511030280977,0.9,0.8217821782178217,0.8811881188118812,0.8676567656765677,0.03333496712004349,1,1.0,1.0,1.0,1.0,0.0,0.16574585635359115,0.2785234899328859,0.28802588996763756,0.24409841208470487,0.05553927225428311,12,0.2135306553911205,0.28714285714285714,0.2815126050420168,0.2607287058586648,0.033453120538373286,0.27993779160186627,0.41604010025062654,0.4341463414634147,0.37670807777196913,0.06882502067706009,12,0.3519163763066202,0.44617092119866814,0.439344262295082,0.4124771866001235,0.04291355361266604,CatBoost,522.6100668907166,,,,,,,,,,,,,,
24.422006209691364,0.7100488182391553,0.15248902638753256,0.010738428413006396,0.7,899.2142857142858,0.03,3,700,6,"{'subsample': 0.7, 'scale_pos_weight': 899.2142857142858, 'learning_rate': 0.03, 'l2_leaf_reg': 3, 'iterations': 700, 'depth': 6}",0.9799195737075528,0.9602310422181939,0.9823688741853152,0.974173163370354,0.009909148125973405,4,0.9999380645364253,0.9999753415290845,0.9999894614882232,0.9999676225179112,2.1681005721620746e-05,0.8302775862465459,0.7895921131485544,0.7960935687147461,0.8053210893699488,0.01784539685527694,7,0.9559484578386619,0.9831089866589505,0.9925886913018158,0.9772153785998094,0.015527988472962535,0.84,0.801980198019802,0.8217821782178217,0.8212541254125413,0.015526009692925809,8,1.0,1.0,1.0,1.0,0.0,0.75,0.8350515463917526,0.7904761904761904,0.791842578955981,0.03473558836904297,6,0.8632478632478633,0.8271604938271605,0.8663793103448276,0.8522625558066173,0.017795816492378828,0.7924528301886793,0.8181818181818183,0.8058252427184466,0.8054866303629814,0.010506543977706739,6,0.926605504587156,0.9054054054054054,0.9284064665127021,0.9201391255017545,0.010444224779672504,CatBoost,522.6100668907166,,,,,,,,,,,,,,
29.75527326265971,1.6916776044758683,0.17412789662679037,0.01432045528137187,0.9,299.73809523809524,0.05,9,700,7,"{'subsample': 0.9, 'scale_pos_weight': 299.73809523809524, 'learning_rate': 0.05, 'l2_leaf_reg': 9, 'iterations': 700, 'depth': 7}",0.9815602038789966,0.9544394209722328,0.9803769444745292,0.9721255231085862,0.012515288844388375,6,0.9999899231983866,0.9999934957622627,0.9999954305671592,0.9999929498426029,2.281271415324388e-06,0.8532283788325907,0.8051425298327527,0.8172097790338748,0.8251935625664061,0.020426581018035364,1,0.9929219636260844,0.9956192767788397,0.9968707762298012,0.9951373388782417,0.0016477213255164898,0.83,0.8118811881188119,0.801980198019802,0.8146204620462045,0.011601868872135676,10,1.0,1.0,1.0,1.0,0.0,0.7904761904761904,0.8541666666666666,0.8526315789473684,0.8324248120300751,0.02966877439643422,3,0.8898678414096917,0.8854625550660793,0.9178082191780822,0.8977128718846177,0.014322915766375156,0.8097560975609757,0.83248730964467,0.826530612244898,0.8229246731501813,0.009623897279327744,2,0.9417249417249417,0.9392523364485982,0.9571428571428571,0.9460400451054657,0.007915502534747171,CatBoost,522.6100668907166,,,,,,,,,,,,,,
6.244744936625163,0.2062155598245794,0.16635966300964355,0.017451762235638973,0.8,599.4761904761905,0.08,7,200,4,"{'subsample': 0.8, 'scale_pos_weight': 599.4761904761905, 'learning_rate': 0.08, 'l2_leaf_reg': 7, 'iterations': 200, 'depth': 4}",0.9736203415635136,0.953213492034493,0.9859509723458155,0.9709282686479407,0.013499903622387534,7,0.9998409421924204,0.9998400698505733,0.9998334832807129,0.9998381651079021,3.3296520786645483e-06,0.7115372434150098,0.6713244265052455,0.6748446568286454,0.6859021089163003,0.01818365742377192,11,0.8320046319093511,0.8485516309247036,0.8135308406739081,0.8313623678359875,0.014304388948908973,0.86,0.801980198019802,0.8514851485148515,0.8378217821782178,0.025581113348095125,3,1.0,1.0,1.0,1.0,0.0,0.37554585152838427,0.46551724137931033,0.5058823529411764,0.448981815282957,0.054479146697139484,11,0.4891041162227603,0.5461956521739131,0.5432432432432432,0.5261810038799722,0.026245010679906505,0.5227963525835865,0.5890909090909091,0.6346863468634687,0.5821912028459881,0.04593870673471825,11,0.656910569105691,0.7065026362038664,0.7040280210157618,0.689147075441773,0.022817028518915344,CatBoost,522.6100668907166,,,,,,,,,,,,,,
3.8576517899831138,0.2606959702215532,0.3319997787475586,0.006016310758740918,0.9,899.2142857142858,0.03,,,,"{'subsample': 0.9, 'scale_pos_weight': 899.2142857142858, 'reg_lambda': 5, 'reg_alpha': 1.0, 'n_estimators': 200, 'min_child_weight': 5, 'max_depth': 5, 'learning_rate': 0.03, 'gamma': 0, 'colsample_bytree': 0.8}",0.9857050539485007,0.9672094321484707,0.986083117719818,0.9796658679389298,0.00880938240382262,5,0.9998432156171746,0.9998705739022401,0.9998423545669937,0.9998520480288028,1.3104486300883169e-05,0.6578504042056915,0.6972735929013462,0.6538913889959632,0.669671795367667,0.019584226147172274,10,0.8167535560639833,0.894747353603972,0.8272674778159333,0.8462561291612962,0.03455608748700195,0.87,0.7920792079207921,0.8316831683168316,0.8312541254125412,0.03181247677587184,4,1.0,1.0,1.0,1.0,0.0,0.3140794223826715,0.39408866995073893,0.40384615384615385,0.37067141539318804,0.04021436209174603,11,0.3862332695984704,0.4610091743119266,0.4222689075630252,0.4231704504911407,0.030533790748037366,0.4615384615384615,0.5263157894736842,0.5436893203883495,0.510514523800165,0.03535016171681449,11,0.5572413793103448,0.631083202511774,0.5937961595273265,0.5940402471164817,0.03014629217102457,XGBoost,307.2653670310974,5,1.0,200,5,5,0,0.8,,,,,,,
11.579252401987711,2.010279335123247,0.46193281809488934,0.02676006518334361,0.9,599.4761904761905,0.03,,,,"{'subsample': 0.9, 'scale_pos_weight': 599.4761904761905, 'reg_lambda': 5, 'reg_alpha': 1.0, 'n_estimators': 700, 'min_child_weight': 7, 'max_depth': 3, 'learning_rate': 0.03, 'gamma': 0.25, 'colsample_bytree': 0.8}",0.9853874031905738,0.9603685127312606,0.9858208751022222,0.9771922636746856,0.011897504537488553,8,0.9998728111015878,0.9999128102814708,0.9999038360800359,0.9998964858210314,1.713676998742715e-05,0.7658396211523767,0.7588605540617973,0.7469111232528013,0.7572037661556584,0.007815826584906791,8,0.8957742436433989,0.9404123601166259,0.9306223238814191,0.9222696425471479,0.01915664940559381,0.86,0.8118811881188119,0.8316831683168316,0.8345214521452146,0.01974667745102343,2,1.0,1.0,1.0,1.0,0.0,0.4479166666666667,0.6074074074074074,0.5915492957746479,0.548957789949574,0.07173958169120224,8,0.5722379603399433,0.6261682242990654,0.5982142857142857,0.5988734901177648,0.02202187178707143,0.589041095890411,0.6949152542372882,0.691358024691358,0.6584381249396857,0.04909259415404066,8,0.7279279279279278,0.7701149425287356,0.7486033519553073,0.7488820741373236,0.017223904218135383,XGBoost,307.2653670310974,5,1.0,700,7,3,0.25,0.8,,,,,,,
6.01551087697347,0.2779838798723205,0.3416273593902588,0.027508792087370094,0.8,299.73809523809524,0.1,,,,"{'subsample': 0.8, 'scale_pos_weight': 299.73809523809524, 'reg_lambda': 7, 'reg_alpha': 0, 'n_estimators': 400, 'min_child_weight': 3, 'max_depth': 3, 'learning_rate': 0.1, 'gamma': 0, 'colsample_bytree': 0.8}",0.9849146091215992,0.9592684209258631,0.9847746081639789,0.9763192127371471,0.012056865986118881,11,0.9999888172079656,0.999993454596201,0.9999981063611652,0.999993459388444,3.7922824275351766e-06,0.8357992533046025,0.7799774093992077,0.812352007130502,0.809376223278104,0.022886109781578724,5,0.9911022082888366,0.9952801058051096,0.9987795646105455,0.995053959568164,0.0031383442144953524,0.85,0.7722772277227723,0.7920792079207921,0.8047854785478549,0.032977712853284866,8,1.0,1.0,1.0,1.0,0.0,0.7456140350877193,0.8571428571428571,0.7843137254901961,0.7956902059069241,0.04623662161285717,5,0.8782608695652174,0.8933333333333333,0.8893805309734514,0.8869915779573341,0.006380967188715915,0.7943925233644861,0.8125,0.7881773399014778,0.7983566210886547,0.010317735592726736,5,0.9351851851851852,0.9436619718309859,0.9414519906323184,0.9400997158828298,0.0035903076198922357,XGBoost,307.2653670310974,7,0,400,3,3,0,0.8,,,,,,,
10.44212786356608,0.7830369595839066,0.5399572849273682,0.02817625525150596,0.9,599.4761904761905,0.03,,,,"{'subsample': 0.9, 'scale_pos_weight': 599.4761904761905, 'reg_lambda': 3, 'reg_alpha': 1.0, 'n_estimators': 700, 'min_child_weight': 7, 'max_depth': 4, 'learning_rate': 0.03, 'gamma': 0.25, 'colsample_bytree': 0.9}",0.9884951512543854,0.9639338981476216,0.9826754383449665,0.9783681625823245,0.010479448360647297,6,0.9999852124984454,0.9999868268602788,0.999989255657915,0.9999870983388798,1.6617380654256711e-06,0.836260765059217,0.790078754939008,0.7947238721632014,0.8070211307204755,0.020762328718203524,6,0.9898296094328711,0.9909423640895467,0.9924847808477176,0.9910855847900452,0.0010886897131699008,0.84,0.7920792079207921,0.801980198019802,0.8113531353135315,0.020655742438182564,7,1.0,1.0,1.0,1.0,0.0,0.7304347826086957,0.8333333333333334,0.7297297297297297,0.7644992818905862,0.04867387563096247,6,0.8487394957983193,0.8305785123966942,0.8340248962655602,0.8377809681535245,0.007875548088829233,0.7813953488372092,0.8121827411167514,0.7641509433962265,0.7859096777833957,0.019867020787260114,6,0.9181818181818181,0.90744920993228,0.9095022624434389,0.9117110968525123,0.004651625668841922,XGBoost,307.2653670310974,3,1.0,700,7,4,0.25,0.9,,,,,,,
6.375940402348836,0.8909906567723956,0.41507943471272785,0.05136702087019088,0.9,899.2142857142858,0.03,,,,"{'subsample': 0.9, 'scale_pos_weight': 899.2142857142858, 'reg_lambda': 7, 'reg_alpha': 0.01, 'n_estimators': 400, 'min_child_weight': 3, 'max_depth': 4, 'learning_rate': 0.03, 'gamma': 0, 'colsample_bytree': 0.8}",0.9862550473290528,0.9611330388504122,0.9861436604547145,0.9778439155447266,0.011816461728689494,7,0.9998754736711197,0.9998902101136369,0.9999030127588032,0.99988956551452,1.1252021111069681e-05,0.7749823366787858,0.723882881847187,0.7530878629876069,0.7506510271711933,0.020932306730964453,9,0.8995739976468595,0.9197260058588861,0.929447815676377,0.9162492730607076,0.012441248708165082,0.86,0.8118811881188119,0.8316831683168316,0.8345214521452146,0.01974667745102343,2,1.0,1.0,1.0,1.0,0.0,0.44329896907216493,0.5256410256410257,0.5562913907284768,0.508410461813889,0.04771087287184625,9,0.5401069518716578,0.5583333333333333,0.5775862068965517,0.5586754973671809,0.0153027545771952,0.5850340136054422,0.6381322957198443,0.6666666666666665,0.629944325330651,0.03382557864274003,9,0.701388888888889,0.7165775401069518,0.73224043715847,0.7167356220514369,0.01259558785404506,XGBoost,307.2653670310974,7,0.01,400,3,4,0,0.8,,,,,,,
3.5130323568979898,0.3453027784635011,0.3511347770690918,0.02443818321611668,0.7,299.73809523809524,0.1,,,,"{'subsample': 0.7, 'scale_pos_weight': 299.73809523809524, 'reg_lambda': 1, 'reg_alpha': 1.0, 'n_estimators': 200, 'min_child_weight': 7, 'max_depth': 6, 'learning_rate': 0.1, 'gamma': 1.0, 'colsample_bytree': 0.7}",0.9888104852055338,0.9677262164133238,0.9853106448546786,0.9806157821578454,0.009225612876917798,1,0.999998443420889,0.9999985180217814,0.9999979416969186,0.9999983010465296,2.559172138536731e-07,0.840931934366556,0.7981275914340032,0.8185940658889497,0.8192178638965029,0.01748036587026647,4,0.9989767609158815,0.9990502055912402,0.9986694288288186,0.9988987984453135,0.0001649370502401545,0.82,0.7326732673267327,0.7920792079207921,0.7815841584158415,0.036415190126562975,11,1.0,1.0,1.0,1.0,0.0,0.8118811881188119,0.8409090909090909,0.8333333333333334,0.8287078707870789,0.012293655895774728,3,0.9140271493212669,0.8854625550660793,0.9436619718309859,0.9143838920727774,0.023761151444979665,0.8159203980099502,0.783068783068783,0.8121827411167514,0.8037239740651616,0.01468491757065677,4,0.9550827423167849,0.9392523364485982,0.9710144927536231,0.9551165238396687,0.012966868015052162,XGBoost,307.2653670310974,1,1.0,200,7,6,1.0,0.7,,,,,,,
2.674619436264038,0.1165059450169191,0.2465855280558268,0.017746662920942166,0.8,299.73809523809524,0.05,,,,"{'subsample': 0.8, 'scale_pos_weight': 299.73809523809524, 'reg_lambda': 7, 'reg_alpha': 0.1, 'n_estimators': 200, 'min_child_weight': 3, 'max_depth': 3, 'learning_rate': 0.05, 'gamma': 1.0, 'colsample_bytree': 0.8}",0.9857719931157741,0.9671587204395385,0.9874685550538272,0.98013308953638,0.00920037211922134,2,0.9997390067419537,0.9997732367495195,0.999774739310769,0.9997623276007473,1.6501742609658723e-05,0.6785235446354297,0.6456788835574342,0.6740173293559606,0.6660732525162748,0.014537863390888925,11,0.7845321474614726,0.7731110779086986,0.8209348579160916,0.7928593610954208,0.020392569704477177,0.88,0.801980198019802,0.8316831683168316,0.8378877887788779,0.03215219392789921,1,1.0,1.0,1.0,1.0,0.0,0.2732919254658385,0.3375,0.3783783783783784,0.32972343461473896,0.04325233614752923,12,0.3273905996758509,0.3821292775665399,0.366120218579235,0.35854669860720856,0.022979692018246085,0.4170616113744076,0.47507331378299117,0.5201238390092879,0.47075292138889563,0.04218574035615345,12,0.4932844932844933,0.5529573590096286,0.536,0.5274139507647073,0.025106478673384416,XGBoost,307.2653670310974,7,0.1,200,3,3,1.0,0.8,,,,,,,
4.242549975713094,0.39334182437424686,0.3687984148661296,0.021190014237341258,0.8,599.4761904761905,0.1,,,,"{'subsample': 0.8, 'scale_pos_weight': 599.4761904761905, 'reg_lambda': 5, 'reg_alpha': 0, 'n_estimators': 200, 'min_child_weight': 7, 'max_depth': 6, 'learning_rate': 0.1, 'gamma': 0.25, 'colsample_bytree': 0.7}",0.982782153968359,0.9611340219530087,0.9807144763659679,0.9748768840957786,0.009754264625391288,12,0.99999954941131,0.9999952659029128,1.0,0.9999982717714077,2.1334153522742307e-06,0.8418648425794931,0.7925648261878521,0.8260634623927946,0.8201643770533799,0.020554355741712296,3,0.999724902312462,0.9965877500333374,0.9999999999999999,0.9987708841152664,0.0015477888527793868,0.82,0.7722772277227723,0.8217821782178217,0.8046864686468647,0.022928340727244336,9,1.0,1.0,1.0,1.0,0.0,0.780952380952381,0.8478260869565217,0.8469387755102041,0.8252390811397023,0.03131752108657342,4,0.9017857142857143,0.8854625550660793,0.9095022624434389,0.8989168439317442,0.010021633118016446,0.8,0.8082901554404146,0.8341708542713568,0.8141536699039239,0.014553291078112703,3,0.948356807511737,0.9392523364485982,0.9526066350710901,0.9467385930104751,0.00557065445309874,XGBoost,307.2653670310974,5,0,200,7,6,0.25,0.7,,,,,,,
10.666859070460001,0.9766914892029112,0.607105016708374,0.008369858332273048,0.7,899.2142857142858,0.1,,,,"{'subsample': 0.7, 'scale_pos_weight': 899.2142857142858, 'reg_lambda': 7, 'reg_alpha': 0.1, 'n_estimators': 700, 'min_child_weight': 3, 'max_depth': 6, 'learning_rate': 0.1, 'gamma': 0, 'colsample_bytree': 0.8}",0.9849450585821142,0.9715996406432309,0.9750236231361399,0.9771894407871616,0.005659394523797012,9,1.0,1.0,1.0,1.0,0.0,0.8479720070883735,0.8023317279902583,0.8210253165879053,0.8237763505555123,0.01873383587623667,1,1.0,1.0,1.0,1.0,0.0,0.82,0.7425742574257426,0.7722772277227723,0.7782838283828383,0.031893006985972354,12,1.0,1.0,1.0,1.0,0.0,0.8631578947368421,0.9146341463414634,0.8571428571428571,0.8783116327403876,0.02580101955400885,1,1.0,0.9901477832512315,0.995049504950495,0.9950657627339089,0.004022167073673892,0.8410256410256411,0.819672131147541,0.8125,0.8243992573910607,0.012115756706937868,2,1.0,0.995049504950495,0.9975186104218362,0.9975227051241103,0.0020210332149230505,XGBoost,307.2653670310974,7,0.1,700,3,6,0,0.8,,,,,,,
6.758370320002238,0.874245431473339,0.4439268906911214,0.026974166212573387,0.7,299.73809523809524,0.01,,,,"{'subsample': 0.7, 'scale_pos_weight': 299.73809523809524, 'reg_lambda': 5, 'reg_alpha': 0.1, 'n_estimators': 400, 'min_child_weight': 5, 'max_depth': 5, 'learning_rate': 0.01, 'gamma': 1.0, 'colsample_bytree': 0.7}",0.985484295359767,0.9646890028668911,0.9897010171998715,0.9799581051421765,0.010933261147801809,4,0.9997706708380802,0.9997669795081521,0.9997739365725672,0.9997705289729332,2.8419806015027843e-06,0.6671713676968541,0.6375484155380431,0.6603791175035141,0.6550329669128038,0.012670591100516089,12,0.79242447901652,0.80500782358754,0.7952162336104368,0.7975495120714989,0.0053955711116245855,0.87,0.7524752475247525,0.8217821782178217,0.8147524752475247,0.04823608195794238,5,1.0,1.0,1.0,1.0,0.0,0.3702127659574468,0.37073170731707317,0.45108695652173914,0.39734380993208634,0.038002733928419435,10,0.41995841995842,0.45475113122171945,0.4652777777777778,0.4466624429859724,0.019365453886084214,0.5194029850746268,0.49673202614379075,0.5824561403508772,0.5328637171897649,0.03626797872278001,10,0.5915080527086384,0.625194401244168,0.6350710900473934,0.6172578480000666,0.01864897161761265,XGBoost,307.2653670310974,5,0.1,400,5,5,1.0,0.7,,,,,,,
6.574524879455566,0.5406637716678712,0.43964529037475586,0.019536321747217957,0.7,299.73809523809524,0.03,,,,"{'subsample': 0.7, 'scale_pos_weight': 299.73809523809524, 'reg_lambda': 7, 'reg_alpha': 0.1, 'n_estimators': 400, 'min_child_weight': 3, 'max_depth': 4, 'learning_rate': 0.03, 'gamma': 0.5, 'colsample_bytree': 0.8}",0.9881751836896803,0.9663696986806929,0.9858177619440002,0.9801208814381245,0.009771067145505432,3,0.9998969380778083,0.9999212081580431,0.9999245014429734,0.9999142158929416,1.2291015776922042e-05,0.8237268525761139,0.7534747111314134,0.7724336860335539,0.7832117499136938,0.029675644785410953,7,0.9245693771479304,0.949182208849813,0.9498418106859079,0.9411977988945504,0.011761152890856233,0.85,0.7722772277227723,0.8217821782178217,0.8146864686468646,0.03212443673540935,6,1.0,1.0,1.0,1.0,0.0,0.6159420289855072,0.639344262295082,0.6434108527131783,0.6328990479979225,0.012104810607018983,7,0.7013888888888888,0.6860068259385665,0.7178571428571429,0.7017509525615327,0.013005357601919896,0.7142857142857143,0.6995515695067265,0.7217391304347827,0.7118588047424078,0.009219160570341004,7,0.8244897959183674,0.8137651821862348,0.8357588357588357,0.8246712712878126,0.00897978839209407,XGBoost,307.2653670310974,7,0.1,400,3,4,0.5,0.8,,,,,,,
8.863843043645224,0.17878133365724086,0.5366633733113607,0.041659387838951165,0.8,599.4761904761905,0.1,,,,"{'subsample': 0.8, 'scale_pos_weight': 599.4761904761905, 'reg_lambda': 7, 'reg_alpha': 0.1, 'n_estimators': 700, 'min_child_weight': 5, 'max_depth': 5, 'learning_rate': 0.1, 'gamma': 0.5, 'colsample_bytree': 0.8}",0.9873374925531211,0.9643322185496058,0.9785436219826329,0.9767377776951198,0.0094782721064992,10,1.0,1.0,1.0,1.0,0.0,0.8471553778985056,0.7967506578087139,0.8235544432700483,0.8224868263257559,0.020591483778289957,2,1.0,1.0,1.0,1.0,0.0,0.83,0.7326732673267327,0.801980198019802,0.7882178217821781,0.04090782706681647,10,1.0,1.0,1.0,1.0,0.0,0.8645833333333334,0.8809523809523809,0.8526315789473684,0.8660557644110276,0.011608703531135597,2,0.9619047619047619,0.9663461538461539,0.9710144927536232,0.9664218028348462,0.0037194167205617233,0.8469387755102041,0.8,0.826530612244898,0.8244897959183674,0.019216934546701408,1,0.9805825242718447,0.9828850855745722,0.9852941176470589,0.9829205758311587,0.0019236636403964572,XGBoost,307.2653670310974,7,0.1,700,5,5,0.5,0.8,,,,,,,
0.8608841896057129,0.09615172156307192,0.29534268379211426,0.048227132929695035,,,,,,,"{'solver': 'lbfgs', 'penalty': 'l2', 'C': 0.001}",0.9712598464288078,0.9568730914496781,0.9799773132690832,0.9693700837158564,0.009526442805983583,1,0.9805243689013845,0.9892790402379728,0.9786435823859481,0.9828156638417683,0.004634347513111216,0.5987366106377626,0.39490245076468156,0.5471781831376523,0.5136057481800321,0.08653485800350022,1,0.5163814455629523,0.5522732523755176,0.5368051588348299,0.5351532855911,0.014699250842081278,0.92,0.8415841584158416,0.8910891089108911,0.8842244224422443,0.03237904665132044,1,0.8960396039603961,0.9154228855721394,0.9054726368159204,0.905645042116152,0.00791413057767339,0.029591508523641043,0.03126149319602795,0.031174229303775544,0.030675743674481514,0.0007674972935723413,1,0.02919825778351347,0.03435399551904406,0.031036834924965895,0.03152969607584114,0.0021334779094122477,0.05733873480835151,0.06028368794326241,0.060240963855421686,0.059287795535678534,0.0013783044235646596,1,0.056553663490079675,0.06622278207666007,0.06001648804616653,0.06093097787096876,0.004000015190811884,Logistic Regression,17.186750888824463,,,,,,,,lbfgs,l2,0.001,,,,
0.8160516421000162,0.08837576951198171,0.3257029851277669,0.01899410512235706,,,,,,,"{'solver': 'lbfgs', 'penalty': 'l2', 'C': 0.002848035868435802}",0.9706500297875157,0.956481652765869,0.9791451169212111,0.9687589331581986,0.009348452161585509,2,0.9811998423103435,0.9895753535495745,0.9791113111781705,0.9832955023460296,0.004521643427377039,0.5906732848080222,0.3851837964109589,0.5446656519596685,0.5068409110595499,0.08805118105792234,2,0.5136689661178236,0.5498247760670206,0.5353769837219027,0.5329569086355823,0.014859412748337537,0.92,0.8316831683168316,0.8910891089108911,0.880924092409241,0.03676466927180124,2,0.900990099009901,0.9203980099502488,0.9203980099502488,0.9139287063034662,0.009148976956389663,0.027267338470657973,0.028717948717948718,0.029097963142580018,0.028361083443728907,0.0007888013228185374,2,0.027031041140650528,0.03207350901525659,0.029318541996830427,0.029474364050912513,0.0020615254790263622,0.052964881980426017,0.055518836748182414,0.056355666875391355,0.05494646186799993,0.001442235603401703,2,0.0524873828406633,0.061986932484503265,0.05682690830901552,0.0571004078780607,0.0038829938938612744,Logistic Regression,17.186750888824463,,,,,,,,lbfgs,l2,0.002848035868435802,,,,
1.487227996190389,0.3048238858668891,0.25983595848083496,0.020450629239683576,,,,,,,"{'solver': 'lbfgs', 'penalty': 'l2', 'C': 0.008111308307896872}",0.9701997418415303,0.9561005366593224,0.9786724084227643,0.968324228974539,0.00930986967728349,3,0.981444675819461,0.9896432775512614,0.9792483941633934,0.9834454491780386,0.004473307552295706,0.584207205901571,0.3819279949095248,0.5443082791442048,0.5034811599851002,0.08748089331968432,3,0.5119566335672469,0.5484897492672324,0.53455101399825,0.531665798944243,0.015053471030918046,0.92,0.8316831683168316,0.8910891089108911,0.880924092409241,0.03676466927180124,2,0.905940594059406,0.9203980099502488,0.9154228855721394,0.9139204965272647,0.0059970602904989,0.025974025974025976,0.02765887388870596,0.02819548872180451,0.027276129528178816,0.000946429824508378,3,0.026135389888603255,0.030823058980339886,0.02842137781896818,0.028459942229303772,0.001913927164882741,0.050521691378363535,0.05353728489483748,0.05466140297600971,0.052906793083070246,0.0017478449533545985,3,0.05080510827318156,0.059648557149766246,0.055131086142322094,0.05519491718842331,0.003610605010246575,Logistic Regression,17.186750888824463,,,,,,,,lbfgs,l2,0.008111308307896872,,,,
0.9835959275563558,0.027585350232535444,0.23612531026204428,0.041131892435793786,,,,,,,"{'solver': 'lbfgs', 'penalty': 'l2', 'C': 0.02310129700083159}",0.9699745151254385,0.9558721291560868,0.9784659568775155,0.9681042003863469,0.00931821945416067,4,0.9815289768671044,0.9896480939804722,0.9792960232966976,0.9834910313814248,0.0044481146042145096,0.5823321020489951,0.37961572155926837,0.5438867017601463,0.50194484178947,0.0879121623859626,4,0.5107693149411129,0.54775344678925,0.5339734584078862,0.5308320733794164,0.015261230336223836,0.91,0.8316831683168316,0.8910891089108911,0.8775907590759076,0.03336700583333913,4,0.905940594059406,0.9303482587064676,0.9154228855721394,0.9172372461126711,0.01004663962092582,0.0252357182473655,0.027149321266968326,0.02776920703486578,0.026718082183066538,0.0010783063014780023,4,0.02564461883408072,0.030665792062971466,0.02804878048780488,0.02811973046161902,0.0020504992193317952,0.04910955207771182,0.05258215962441315,0.05385996409335727,0.05185055859849408,0.0020071594564527503,4,0.04987735077677841,0.05937450388950626,0.05442981807424937,0.05456055758017802,0.003878298503678894,Logistic Regression,17.186750888824463,,,,,,,,lbfgs,l2,0.02310129700083159,,,,
1.2638883590698242,0.09092905415739627,0.22890671094258627,0.06155968281957812,,,,,,,"{'solver': 'lbfgs', 'penalty': 'l2', 'C': 0.0657933224657568}",0.9698729065995896,0.9557775874563973,0.9783958288923038,0.9680154409827635,0.009326801713395927,5,0.9815565037398042,0.9896481763125953,0.979309278768542,0.9835046529403139,0.004439944788484979,0.580754383218294,0.3791066867848058,0.5437698927326685,0.5012103209119227,0.08765057989694824,5,0.5102683971858152,0.5475589803071619,0.5339700743571003,0.5305991506166924,0.015409288162885197,0.91,0.8316831683168316,0.8910891089108911,0.8775907590759076,0.03336700583333913,4,0.905940594059406,0.9303482587064676,0.9154228855721394,0.9172372461126711,0.01004663962092582,0.025027502750275026,0.026905829596412557,0.027683789603199015,0.0265390406499622,0.0011150083885133868,5,0.025441401362435702,0.030416395575797006,0.027950782318092057,0.027936193085441586,0.002031059081698776,0.0487152034261242,0.0521253490536767,0.05369928400954654,0.05151327882978248,0.002080262368828403,5,0.04949290060851927,0.05890691447472043,0.05424528301886793,0.05421503270070255,0.0038433145919955385,Logistic Regression,17.186750888824463,,,,,,,,lbfgs,l2,0.0657933224657568,,,,
1.0555867354075115,0.15091224847039286,0.3028872013092041,0.04136701844938645,,,,,,,"{'solver': 'lbfgs', 'penalty': 'l2', 'C': 0.1873817422860383}",0.9698446084596545,0.9557308900830672,0.978369612823066,0.9679817037885958,0.009335621821272304,6,0.9815653926257802,0.9896448830276652,0.9793156183420327,0.9835086313318261,0.004435129441024943,0.5789886401581711,0.3792839942548882,0.543953703039525,0.5007421124841948,0.08706670840062819,6,0.510203633702618,0.5473832032441575,0.5337870958764596,0.530457977607745,0.015359955927863394,0.91,0.8316831683168316,0.8910891089108911,0.8775907590759076,0.03336700583333913,4,0.905940594059406,0.9303482587064676,0.9154228855721394,0.9172372461126711,0.01004663962092582,0.02495201535508637,0.026888604353393086,0.027615833077631175,0.02648548426203688,0.0011242362061349993,6,0.025377894882817918,0.030332522303325223,0.027887238557138528,0.027865885247760555,0.0020227745288549856,0.04857219108620229,0.05209302325581395,0.053571428571428575,0.0514122143044816,0.0020969373666665384,6,0.04937272359368677,0.05874960728872134,0.05412560670686866,0.054082645863092256,0.003828217268575091,Logistic Regression,17.186750888824463,,,,,,,,lbfgs,l2,0.1873817422860383,,,,
1.2458984851837158,0.17279472063586865,0.2863457997639974,0.04866675583309439,,,,,,,"{'solver': 'lbfgs', 'penalty': 'l2', 'C': 0.5336699231206307}",0.969829383729397,0.9557177820484483,0.9783619118527273,0.967969692543524,0.009337486889892404,7,0.9815685057840021,0.989643442215508,0.9793168944899431,0.9835096141631512,0.004433608258653023,0.5789512563742322,0.37921537919527,0.5438991651876985,0.5006886002524003,0.08707839322370424,7,0.5101517396531763,0.5473229365458686,0.5337336353301021,0.5304027705097156,0.01535676756238306,0.91,0.8316831683168316,0.8910891089108911,0.8775907590759076,0.03336700583333913,4,0.905940594059406,0.9303482587064676,0.9154228855721394,0.9172372461126711,0.01004663962092582,0.02491103202846975,0.026862807803006077,0.027624309392265192,0.02646604974124701,0.0011426668318453683,7,0.025339241207421766,0.030303030303030304,0.027878787878787878,0.027840353129746653,0.0020266406471253448,0.04849453770317079,0.05204460966542751,0.05358737719559392,0.05137550818806408,0.002132295494555672,7,0.04929956896551724,0.05869428750784683,0.05410968975150714,0.05403451540829041,0.003835746125489053,Logistic Regression,17.186750888824463,,,,,,,,lbfgs,l2,0.5336699231206307,,,,
1.2751333713531494,0.17586787385812802,0.2004264990488688,0.012716810960910175,,,,,,,"{'solver': 'lbfgs', 'penalty': 'l2', 'C': 1.5199110829529332}",0.9698254120606341,0.9557154881423899,0.9783592902458035,0.9679667301496092,0.009337253959611373,8,0.9815707587274524,0.989643895042186,0.9793167709917582,0.9835104749204655,0.00443352733688118,0.5788583842824143,0.3791898409272191,0.543834363812117,0.5006275296739168,0.08705172672452025,12,0.5101017596886143,0.5472958749293603,0.5335267482732037,0.5303081276303927,0.01535404813650611,0.91,0.8316831683168316,0.8910891089108911,0.8775907590759076,0.03336700583333913,4,0.905940594059406,0.9303482587064676,0.9154228855721394,0.9172372461126711,0.01004663962092582,0.02491103202846975,0.026845637583892617,0.027624309392265192,0.026460326334875856,0.0011407065302362187,8,0.025335733074899627,0.030298120544394038,0.027870342320508938,0.0278347319799342,0.0020260426816194623,0.04849453770317079,0.05201238390092879,0.05358737719559392,0.0513647662665645,0.0021289762757643054,8,0.04929292929292929,0.05868507767142633,0.05409378215493166,0.05402392970642909,0.0038346466429426936,Logistic Regression,17.186750888824463,,,,,,,,lbfgs,l2,1.5199110829529332,,,,
1.0564935207366943,0.057260778801937764,0.2172220547993978,0.009250179043146251,,,,,,,"{'solver': 'lbfgs', 'penalty': 'l2', 'C': 4.328761281083057}",0.9698270669226187,0.9557146688902263,0.9783583071432072,0.9679666809853508,0.00933735741380301,9,0.9815715779796161,0.9896443890349256,0.9793173473166211,0.9835111047770543,0.004433453944077585,0.578855548706928,0.3791926813618429,0.5438885319253403,0.5006455873313703,0.08705852185736183,8,0.5101115318483094,0.5472655276653625,0.5335655091739835,0.5303141895625518,0.015341298526203943,0.91,0.8316831683168316,0.8910891089108911,0.8775907590759076,0.03336700583333913,4,0.905940594059406,0.9303482587064676,0.9154228855721394,0.9172372461126711,0.01004663962092582,0.02490421455938697,0.026845637583892617,0.027624309392265192,0.02645805384518159,0.0011437933498808864,9,0.025332225913621262,0.030298120544394038,0.027870342320508938,0.027833562926174744,0.002027484798770826,0.04848161960575386,0.05201238390092879,0.05358737719559392,0.05136046023409219,0.0021347823452034648,9,0.049286291408564505,0.05868507767142633,0.05409378215493166,0.054021717078307496,0.003837376780665988,Logistic Regression,17.186750888824463,,,,,,,,lbfgs,l2,4.328761281083057,,,,
0.9040414492289225,0.011821625513930484,0.2141408920288086,0.025267322918884786,,,,,,,"{'solver': 'lbfgs', 'penalty': 'l2', 'C': 12.32846739442066}",0.9698267359502216,0.9557140134884954,0.9783571601901779,0.9679659698762983,0.00933719661443331,10,0.9815717418300488,0.989644224370679,0.9793174296487445,0.9835111319498241,0.004433328157998628,0.5788555562625922,0.3791881731101151,0.543867751732087,0.5006371603682648,0.0870571804275361,9,0.5101113220940822,0.547266189387651,0.5335688680427488,0.530315459841494,0.01534187167185874,0.91,0.8316831683168316,0.8910891089108911,0.8775907590759076,0.03336700583333913,4,0.905940594059406,0.9303482587064676,0.9154228855721394,0.9172372461126711,0.01004663962092582,0.024897400820793433,0.026845637583892617,0.027615833077631175,0.02645295716077241,0.00114400376449858,10,0.025332225913621262,0.030293212376478213,0.027870342320508938,0.027831926870202806,0.0020254963969817616,0.04846870838881492,0.05201238390092879,0.053571428571428575,0.05135084028705742,0.002135051643450915,10,0.049286291408564505,0.058675870724819584,0.05409378215493166,0.054018648096105244,0.003833647851951463,Logistic Regression,17.186750888824463,,,,,,,,lbfgs,l2,12.32846739442066,,,,
0.9331496556599935,0.0330595001288311,0.2749566237131755,0.032028878488432555,,,,,,,"{'solver': 'lbfgs', 'penalty': 'l2', 'C': 35.11191734215127}",0.9698264049778248,0.9557138496380626,0.9783571601901779,0.9679658049353551,0.009337246295648876,11,0.9815717418300488,0.9896443067028023,0.9793175119808678,0.9835111868379064,0.0044333401637381975,0.5788520489216477,0.3791881257399643,0.5438673217971585,0.5006358321529235,0.08705608088169367,10,0.5101038316545412,0.5472703805178063,0.5335688844466715,0.530314365539673,0.015346704501583305,0.91,0.8316831683168316,0.8910891089108911,0.8775907590759076,0.03336700583333913,4,0.905940594059406,0.9303482587064676,0.9154228855721394,0.9172372461126711,0.01004663962092582,0.024897400820793433,0.026845637583892617,0.027615833077631175,0.02645295716077241,0.00114400376449858,10,0.025335733074899627,0.030293212376478213,0.027870342320508938,0.02783309592396226,0.0020240538080688155,0.04846870838881492,0.05201238390092879,0.053571428571428575,0.05135084028705742,0.002135051643450915,10,0.04929292929292929,0.058675870724819584,0.05409378215493166,0.05402086072422685,0.003830916829329753,Logistic Regression,17.186750888824463,,,,,,,,lbfgs,l2,35.11191734215127,,,,
1.1657331784566243,0.1544973326117777,0.24646377563476562,0.061152060036147135,,,,,,,"{'solver': 'lbfgs', 'penalty': 'l2', 'C': 100.0}",0.969826074005428,0.9557136857876298,0.9783571601901779,0.967965639994412,0.009337295978555454,12,0.9815718237552651,0.9896443890349256,0.9793175119808677,0.9835112415903527,0.004433366183589997,0.5788520466801942,0.37918809249844043,0.5438673217971585,0.5006358203252644,0.08705609566828794,11,0.5101036695801329,0.5472704286181312,0.533568883721995,0.530314327306753,0.0153467933120061,0.91,0.8316831683168316,0.8910891089108911,0.8775907590759076,0.03336700583333913,4,0.905940594059406,0.9303482587064676,0.9154228855721394,0.9172372461126711,0.01004663962092582,0.024897400820793433,0.026845637583892617,0.027615833077631175,0.02645295716077241,0.00114400376449858,10,0.025332225913621262,0.030293212376478213,0.027870342320508938,0.027831926870202806,0.0020254963969817616,0.04846870838881492,0.05201238390092879,0.053571428571428575,0.05135084028705742,0.002135051643450915,10,0.049286291408564505,0.058675870724819584,0.05409378215493166,0.054018648096105244,0.003833647851951463,Logistic Regression,17.186750888824463,,,,,,,,lbfgs,l2,100.0,,,,
70.60583122571309,4.56461463819335,0.5254577000935873,0.031902497415168235,,,,,,,"{'n_estimators': 150, 'min_samples_split': 2, 'min_samples_leaf': 5, 'max_features': 0.5, 'max_depth': 12, 'class_weight': 'balanced'}",0.9844387535579533,0.9433396191821012,0.9782258340683391,0.9686680689361311,0.018088631187441532,7,0.9999038197959831,0.9999037949139742,0.999923554623556,0.9999103897778377,9.308957222916857e-06,0.7878773720828358,0.6887395950418356,0.7221580922846214,0.7329250198030977,0.04118268046399165,6,0.9325556768210819,0.931744783697626,0.9497975375959092,0.9380326660382057,0.008325604642361336,0.79,0.7128712871287128,0.7029702970297029,0.7352805280528053,0.03890306636474859,5,1.0,1.0,1.0,1.0,0.0,0.797979797979798,0.6728971962616822,0.7395833333333334,0.7368201091916046,0.05110212564976315,10,0.7952755905511811,0.7642585551330798,0.8271604938271605,0.7955648798371405,0.025680423660662855,0.7939698492462312,0.6923076923076923,0.7208121827411168,0.7356965747650134,0.04281711015306695,11,0.8859649122807018,0.8663793103448276,0.9054054054054054,0.8859165426769783,0.01593237330371166,Random Forest,3073.9759092330933,,,150,,12,,,,,,2,5,0.5,balanced
71.20538624127705,4.0148804291116935,0.5166454315185547,0.006421754582919007,,,,,,,"{'n_estimators': 150, 'min_samples_split': 2, 'min_samples_leaf': 1, 'max_features': 0.5, 'max_depth': 16, 'class_weight': 'balanced_subsample'}",0.9760356126299066,0.9261160713188501,0.9653367855527174,0.9558294898338247,0.021459755436497484,12,0.999911971355012,0.9999275065654722,0.9999189851907152,0.9999194877037332,6.352169210127005e-06,0.7268873431528888,0.6799383525309406,0.7346856343335847,0.7138371100058047,0.02418053838785055,10,0.9369220675502189,0.9505582149294626,0.9456080417994595,0.9443627747597136,0.0056361420810883,0.78,0.6732673267326733,0.6831683168316832,0.7121452145214522,0.04815053710666153,11,1.0,1.0,1.0,1.0,0.0,0.8125,0.7311827956989247,0.8023255813953488,0.7820027923647578,0.03617442691849344,7,0.8523206751054853,0.8305785123966942,0.8663793103448276,0.8497594992823357,0.014727389441187068,0.7959183673469388,0.7010309278350516,0.7379679144385027,0.7449724032068309,0.039052987008761475,9,0.9202733485193622,0.90744920993228,0.9284064665127021,0.9187096749881146,0.008626913585929966,Random Forest,3073.9759092330933,,,150,,16,,,,,,2,1,0.5,balanced_subsample
175.3418276309967,13.301453584409947,1.1088591416676838,0.05463803928122023,,,,,,,"{'n_estimators': 400, 'min_samples_split': 5, 'min_samples_leaf': 5, 'max_features': 0.5, 'max_depth': 12, 'class_weight': 'balanced_subsample'}",0.9892185741709143,0.949346703747112,0.9878717090435771,0.975478995653868,0.01848649996876512,4,0.9999067281411644,0.9999142099275663,0.9999292767061223,0.9999167382582844,9.377412136962577e-06,0.7872698553694056,0.7000065215018091,0.7317361405247707,0.7396708391319952,0.03606421995008832,4,0.9327650315548306,0.938900044894739,0.9526881976968575,0.9414510913821422,0.008331227037132525,0.79,0.7128712871287128,0.7128712871287128,0.7385808580858085,0.03635882393031822,4,1.0,1.0,1.0,1.0,0.0,0.79,0.7422680412371134,0.75,0.7607560137457045,0.02091815552112271,8,0.8244897959183674,0.7913385826771654,0.8375,0.8177761261985109,0.01943406173266776,0.79,0.7272727272727273,0.7309644670050762,0.7494123980926012,0.028739314617296938,7,0.9038031319910514,0.8835164835164836,0.9115646258503401,0.899628080452625,0.011825054294630993,Random Forest,3073.9759092330933,,,400,,12,,,,,,5,5,0.5,balanced_subsample
67.2630049387614,3.75863967382101,0.48681457837422687,0.030667265332421836,,,,,,,"{'n_estimators': 150, 'min_samples_split': 5, 'min_samples_leaf': 5, 'max_features': 0.5, 'max_depth': 16, 'class_weight': 'balanced'}",0.9847195836367247,0.9391615969977357,0.9651416396873274,0.9630076067739294,0.01866008411924904,11,0.9999278648469873,0.9999547584982703,0.999960110086282,0.9999475778105132,1.4109348479959356e-05,0.8018463788205528,0.7347347833957546,0.7513417053237739,0.7626409558466939,0.028539403835168273,2,0.9485077589185344,0.9679817611455686,0.9722726047277883,0.9629207082639638,0.010340943422054643,0.79,0.693069306930693,0.6831683168316832,0.722079207920792,0.04819704623546565,6,1.0,1.0,1.0,1.0,0.0,0.8494623655913979,0.8433734939759037,0.8313253012048193,0.841387053590707,0.007536477302368778,2,0.8977777777777778,0.8626609442060086,0.8973214285714286,0.8859200501850717,0.016447726729622334,0.8186528497409327,0.7608695652173914,0.75,0.7765074716527747,0.03012984713590077,2,0.9461358313817331,0.9262672811059909,0.9458823529411765,0.9394284884763001,0.009306954296409006,Random Forest,3073.9759092330933,,,150,,16,,,,,,5,5,0.5,balanced
52.05439178148905,0.3036035390855531,1.1041069030761719,0.04389539290301531,,,,,,,"{'n_estimators': 400, 'min_samples_split': 5, 'min_samples_leaf': 5, 'max_features': 'sqrt', 'max_depth': 8, 'class_weight': 'balanced'}",0.988984080227709,0.9761620559427979,0.9873936754060664,0.9841799371921911,0.005706555392482349,1,0.999838607323754,0.9998702034076854,0.9998567009394712,0.9998551705569702,1.294435997903395e-05,0.7095462763869315,0.6837463253581416,0.6986638667642532,0.6973188228364421,0.010575639480989467,11,0.8658607440546755,0.902506310569482,0.9043180154565625,0.8908950233602401,0.01771735352531015,0.84,0.7029702970297029,0.7722772277227723,0.7717491749174918,0.055943388074349065,1,0.9702970297029703,0.9850746268656716,0.9701492537313433,0.9751736367666618,0.007001317168455577,0.6774193548387096,0.7319587628865979,0.6610169491525424,0.6901316889592833,0.030324773294719314,12,0.7075812274368231,0.7360594795539034,0.7386363636363636,0.72742569020903,0.014071534148337454,0.75,0.7171717171717172,0.7123287671232877,0.7265001614316683,0.016734103916774917,12,0.8183716075156576,0.8425531914893616,0.8387096774193549,0.8332114921414581,0.010610051268549876,Random Forest,3073.9759092330933,,,400,,8,,,,,,5,5,sqrt,balanced
173.24291849136353,13.20532193364355,1.1450032393137615,0.012563518821885914,,,,,,,"{'n_estimators': 400, 'min_samples_split': 2, 'min_samples_leaf': 2, 'max_features': 0.5, 'max_depth': 16, 'class_weight': 'balanced'}",0.9850365724498577,0.9488755518277762,0.9744803770263997,0.9694641671013445,0.015182810996141155,6,0.99992532516528,0.9999396505536526,0.999948130762348,0.9999377021604269,9.411729969524461e-06,0.7698318504018578,0.7021701724409504,0.7339468639693598,0.735316295604056,0.027639731949652538,5,0.9486739087862671,0.9595810821129108,0.9662486064365388,0.9581678657785723,0.007244095742066865,0.78,0.6831683168316832,0.6831683168316832,0.7154455445544555,0.045646893201349396,9,1.0,1.0,1.0,1.0,0.0,0.8125,0.7840909090909091,0.8117647058823529,0.8027852049910873,0.013222271331921463,6,0.8595744680851064,0.8410041841004184,0.8777292576419214,0.8594359699424822,0.014993268333018294,0.7959183673469388,0.7301587301587302,0.7419354838709677,0.7560041937922123,0.028630157991382646,5,0.9244851258581235,0.9136363636363637,0.9348837209302325,0.9243350701415732,0.008674846224646,Random Forest,3073.9759092330933,,,400,,16,,,,,,2,2,0.5,balanced
48.72703226407369,1.7757445498087219,1.1282714207967122,0.009766874736173098,,,,,,,"{'n_estimators': 400, 'min_samples_split': 10, 'min_samples_leaf': 2, 'max_features': 'log2', 'max_depth': 12, 'class_weight': 'balanced_subsample'}",0.991122327397895,0.9678357504276086,0.9855450328987092,0.981501036908071,0.00992745668764132,3,0.9999229902966135,0.9999373452542013,0.9999492010799504,0.999936512210255,1.0716708525996764e-05,0.7880407187589381,0.7413800750684925,0.734652059152883,0.7546909509934379,0.023741269371424,3,0.9446835751225306,0.9562344979643438,0.9656944149254594,0.9555374960041112,0.008591787012626632,0.79,0.6831683168316832,0.6732673267326733,0.7154785478547856,0.05284942461754777,7,1.0,1.0,1.0,1.0,0.0,0.8315789473684211,0.8518518518518519,0.7816091954022989,0.8216799982075239,0.029518351265385184,3,0.8820960698689956,0.8701298701298701,0.8933333333333333,0.8818530911107331,0.00947433217229032,0.8102564102564104,0.7582417582417583,0.723404255319149,0.7639674746057725,0.03568764562349619,3,0.9373549883990718,0.9305555555555556,0.9436619718309859,0.9371908385952045,0.005351930851870088,Random Forest,3073.9759092330933,,,400,,12,,,,,,10,2,log2,balanced_subsample
108.68612384796143,8.686352175536367,0.7436259587605795,0.033471481382394655,,,,,,,"{'n_estimators': 250, 'min_samples_split': 2, 'min_samples_leaf': 2, 'max_features': 0.5, 'max_depth': 16, 'class_weight': 'balanced'}",0.9761823161448336,0.949446488660649,0.9695724011641901,0.9650670686565576,0.011370272162361784,8,0.999927086557432,0.9999387449002968,0.9999482954265947,0.9999380422947745,8.6727263564151e-06,0.7668540011816902,0.6994965522757318,0.7309952568886905,0.7324486034487041,0.027517759634429144,7,0.9498477059043331,0.9587751888994858,0.9664181543092389,0.9583470163710194,0.006771628995079973,0.78,0.6831683168316832,0.6831683168316832,0.7154455445544555,0.045646893201349396,9,1.0,1.0,1.0,1.0,0.0,0.8297872340425532,0.7840909090909091,0.8023255813953488,0.8054012415096037,0.018781787142075995,5,0.8632478632478633,0.8410041841004184,0.8777292576419214,0.8606604349967344,0.015104168196743043,0.8041237113402062,0.7301587301587302,0.7379679144385027,0.7574167853124797,0.03318030082241065,4,0.926605504587156,0.9136363636363637,0.9348837209302325,0.9250418630512507,0.008744380257549662,Random Forest,3073.9759092330933,,,250,,16,,,,,,2,2,0.5,balanced
45.57267435391744,0.5965049404045987,1.1058164437611897,0.00960013189468127,,,,,,,"{'n_estimators': 400, 'min_samples_split': 10, 'min_samples_leaf': 2, 'max_features': 'log2', 'max_depth': 8, 'class_weight': 'balanced_subsample'}",0.9883282584232475,0.973401831552907,0.9876677971800357,0.9831326290520633,0.006885993863906499,2,0.9998420481828413,0.999864604823304,0.9998466564204339,0.999851103142193,9.730724811756328e-06,0.7048325173910172,0.6674909495149258,0.6933156740155302,0.6885463803071578,0.015613195161331219,12,0.8809944622899558,0.8889864962111658,0.8883408883213469,0.8861072822741561,0.003624904461267727,0.84,0.7029702970297029,0.7623762376237624,0.7684488448844885,0.05610669771806349,2,0.9653465346534653,0.9850746268656716,0.9651741293532339,0.9718650969574569,0.009340813354803043,0.7368421052631579,0.7802197802197802,0.6637931034482759,0.7269516629770713,0.04804274764883799,11,0.7276119402985075,0.7615384615384615,0.749034749034749,0.7460617169572393,0.014009078024902004,0.7850467289719626,0.7395833333333333,0.7096774193548387,0.744769160553378,0.030987124326162616,10,0.8297872340425532,0.8590021691973969,0.8434782608695651,0.8440892213698384,0.011934768914816403,Random Forest,3073.9759092330933,,,400,,8,,,,,,10,2,log2,balanced_subsample
106.92596936225891,8.342841140611501,0.6973099708557129,0.013054846856604914,,,,,,,"{'n_estimators': 250, 'min_samples_split': 5, 'min_samples_leaf': 2, 'max_features': 0.5, 'max_depth': 12, 'class_weight': 'balanced_subsample'}",0.9834798437810286,0.9434994552792362,0.9832655456784695,0.9700816149129113,0.018796628935562443,5,0.999901116263843,0.9998971260119904,0.9999084878449999,0.9999022433736111,4.7064207671002785e-06,0.7748576759658797,0.6686929715360242,0.7169937292780661,0.7201814589266567,0.04340013311733826,9,0.9331833448941743,0.9277314495120779,0.9391701713986186,0.9333616552682903,0.004671540469805395,0.79,0.7128712871287128,0.7227722772277227,0.7418811881188119,0.03426438815911796,3,1.0,1.0,1.0,1.0,0.0,0.7745098039215687,0.72,0.7525773195876289,0.7490290411697326,0.02239452895523291,9,0.7859922178988327,0.7821011673151751,0.8104838709677419,0.7928590853939165,0.012563435532094361,0.7821782178217823,0.7164179104477613,0.7373737373737373,0.7453232885477603,0.02742870794602788,8,0.8801742919389979,0.8777292576419214,0.8953229398663696,0.884408829815763,0.007781726322011679,Random Forest,3073.9759092330933,,,250,,12,,,,,,5,2,0.5,balanced_subsample
16.738960822423298,0.6506514411715638,0.48805904388427734,0.0077077212161623205,,,,,,,"{'n_estimators': 150, 'min_samples_split': 10, 'min_samples_leaf': 10, 'max_features': 'log2', 'max_depth': None, 'class_weight': 'balanced'}",0.9786378831005494,0.9484610102329509,0.9679288993986196,0.9650092642440401,0.012491440165000822,9,0.999869779868582,0.9999047417333916,0.9999063060437335,0.9998936092152357,1.6861990554052594e-05,0.7265503114690832,0.7274318045779969,0.7157238317554164,0.7232353159341655,0.005323598623172372,8,0.8748583831778364,0.9266166301522502,0.9280302441832331,0.9098350858377732,0.02473899584163125,0.78,0.6831683168316832,0.6732673267326733,0.7121452145214522,0.04815053710666153,11,1.0,1.0,1.0,1.0,0.0,0.8478260869565217,0.8414634146341463,0.7311827956989247,0.8068240990965311,0.05354951593019313,4,0.8820960698689956,0.8516949152542372,0.8739130434782608,0.8692346762004979,0.012844529075754209,0.8125,0.7540983606557378,0.7010309278350516,0.7558764294969298,0.045524423180908304,6,0.9373549883990718,0.9199084668192219,0.9327146171693734,0.929992690795889,0.007377982614782298,Random Forest,3073.9759092330933,,,150,,,,,,,,10,10,log2,balanced
37.16906491915385,1.6667458169261031,0.7116072177886963,0.017073783642955365,,,,,,,"{'n_estimators': 250, 'min_samples_split': 5, 'min_samples_leaf': 5, 'max_features': 'sqrt', 'max_depth': None, 'class_weight': 'balanced_subsample'}",0.9844246872310849,0.9364329957413633,0.9731669519575784,0.9646748783100089,0.020492065116982282,10,0.999946871497185,0.9999595749274808,0.9999744358757288,0.9999602941001315,1.12645949210337e-05,0.839453257578406,0.7777390001803955,0.764929412381581,0.7940405567134609,0.032534662897496784,1,0.962761398489548,0.9697405159659632,0.9828617396470579,0.9717878847008564,0.008332655347668205,0.79,0.6831683168316832,0.6732673267326733,0.7154785478547856,0.05284942461754777,7,1.0,1.0,1.0,1.0,0.0,0.8494623655913979,0.8734177215189873,0.8395061728395061,0.8541287533166303,0.014232115426313283,1,0.8938053097345132,0.9013452914798207,0.9136363636363637,0.9029289882835658,0.008173075569175056,0.8186528497409327,0.7666666666666667,0.7472527472527474,0.7775240878867823,0.030143062833694723,1,0.9439252336448598,0.9481132075471698,0.9548693586698338,0.9489692666206211,0.004508739365091926,Random Forest,3073.9759092330933,,,250,,,,,,,,5,5,sqrt,balanced_subsample
